버스정류장 코드,동이름,버스수
1001,서울특별시 종로구 종로1.2.3.4가동,3
1002,서울특별시 종로구 종로1.2.3.4가동,18
1003,서울특별시 종로구 혜화동,18
1004,서울특별시 종로구 종로1.2.3.4가동,3
1005,서울특별시 종로구 혜화동,16
1037,서울특별시 종로구 창신2동,22
1041,서울특별시 종로구 숭인2동,18
1044,서울특별시 종로구 숭인2동,23
1101,서울특별시 종로구 청운효자동,3
1102,서울특별시 종로구 청운효자동,6
1103,서울특별시 종로구 청운효자동,3
1104,서울특별시 종로구 청운효자동,3
1105,서울특별시 종로구 청운효자동,3
1106,서울특별시 종로구 청운효자동,3
1107,서울특별시 종로구 청운효자동,3
1108,서울특별시 종로구 청운효자동,3
1109,서울특별시 종로구 청운효자동,3
1110,서울특별시 종로구 청운효자동,6
1111,서울특별시 종로구 청운효자동,6
1112,서울특별시 종로구 청운효자동,6
1113,서울특별시 종로구 사직동,5
1114,서울특별시 종로구 사직동,5
1115,서울특별시 종로구 사직동,6
1116,서울특별시 종로구 사직동,6
1117,서울특별시 종로구 종로1.2.3.4가동,7
1118,서울특별시 종로구 종로1.2.3.4가동,8
1120,서울특별시 종로구 사직동,6
1121,서울특별시 종로구 사직동,19
1122,서울특별시 종로구 사직동,19
1123,서울특별시 종로구 사직동,16
1124,서울특별시 종로구 사직동,4
1125,서울특별시 종로구 사직동,13
1126,서울특별시 종로구 사직동,13
1127,서울특별시 종로구 사직동,8
1128,서울특별시 종로구 사직동,8
1129,서울특별시 종로구 사직동,5
1130,서울특별시 종로구 삼청동,6
1131,서울특별시 종로구 삼청동,5
1132,서울특별시 종로구 부암동,4
1133,서울특별시 종로구 부암동,7
1134,서울특별시 종로구 부암동,3
1135,서울특별시 종로구 부암동,2
1136,서울특별시 종로구 부암동,6
1137,서울특별시 종로구 부암동,6
1138,서울특별시 종로구 부암동,3
1139,서울특별시 종로구 부암동,3
1140,서울특별시 종로구 부암동,6
1141,서울특별시 종로구 부암동,6
1142,서울특별시 종로구 부암동,4
1143,서울특별시 종로구 부암동,4
1144,서울특별시 종로구 부암동,7
1146,서울특별시 종로구 부암동,4
1148,서울특별시 종로구 평창동,3
1149,서울특별시 종로구 평창동,3
1150,서울특별시 종로구 평창동,3
1151,서울특별시 종로구 평창동,2
1152,서울특별시 종로구 평창동,4
1153,서울특별시 종로구 평창동,4
1154,서울특별시 종로구 평창동,3
1155,서울특별시 종로구 평창동,5
1156,서울특별시 종로구 평창동,5
1157,서울특별시 종로구 평창동,5
1158,서울특별시 종로구 평창동,5
1159,서울특별시 종로구 평창동,5
1160,서울특별시 종로구 평창동,5
1161,서울특별시 종로구 평창동,5
1162,서울특별시 종로구 평창동,5
1163,서울특별시 종로구 평창동,5
1164,서울특별시 종로구 평창동,5
1167,서울특별시 종로구 무악동,3
1168,서울특별시 종로구 교남동,7
1169,서울특별시 종로구 교남동,8
1171,서울특별시 종로구 교남동,1
1172,서울특별시 종로구 가회동,7
1173,서울특별시 종로구 종로1.2.3.4가동,1
1174,서울특별시 종로구 종로1.2.3.4가동,1
1175,서울특별시 종로구 종로1.2.3.4가동,1
1176,서울특별시 종로구 종로1.2.3.4가동,1
1177,서울특별시 종로구 종로1.2.3.4가동,1
1178,서울특별시 종로구 종로1.2.3.4가동,15
1179,서울특별시 종로구 종로1.2.3.4가동,6
1180,서울특별시 종로구 종로1.2.3.4가동,12
1181,서울특별시 종로구 종로1.2.3.4가동,8
1182,서울특별시 종로구 종로1.2.3.4가동,5
1183,서울특별시 종로구 종로1.2.3.4가동,16
1185,서울특별시 종로구 종로1.2.3.4가동,2
1186,서울특별시 종로구 종로1.2.3.4가동,7
1187,서울특별시 종로구 종로1.2.3.4가동,17
1188,서울특별시 종로구 종로1.2.3.4가동,12
1189,서울특별시 종로구 종로1.2.3.4가동,12
1190,서울특별시 종로구 종로1.2.3.4가동,5
1191,서울특별시 종로구 종로1.2.3.4가동,16
1192,서울특별시 종로구 종로1.2.3.4가동,18
1193,서울특별시 종로구 종로1.2.3.4가동,7
1194,서울특별시 종로구 종로1.2.3.4가동,20
1195,서울특별시 종로구 종로1.2.3.4가동,11
1196,서울특별시 종로구 종로1.2.3.4가동,9
1197,서울특별시 종로구 종로1.2.3.4가동,8
1198,서울특별시 종로구 종로1.2.3.4가동,13
1199,서울특별시 종로구 종로1.2.3.4가동,8
1200,서울특별시 종로구 종로1.2.3.4가동,6
1201,서울특별시 종로구 종로1.2.3.4가동,7
1202,서울특별시 종로구 종로1.2.3.4가동,6
1203,서울특별시 종로구 종로1.2.3.4가동,3
1204,서울특별시 종로구 종로5.6가동,13
1205,서울특별시 종로구 종로5.6가동,13
1206,서울특별시 종로구 종로5.6가동,6
1207,서울특별시 종로구 종로5.6가동,6
1208,서울특별시 종로구 종로5.6가동,15
1210,서울특별시 종로구 종로5.6가동,4
1212,서울특별시 종로구 종로5.6가동,4
1213,서울특별시 종로구 종로5.6가동,1
1214,서울특별시 종로구 종로5.6가동,6
1215,서울특별시 종로구 종로5.6가동,6
1216,서울특별시 종로구 종로5.6가동,14
1217,서울특별시 종로구 종로5.6가동,2
1218,서울특별시 종로구 종로5.6가동,7
1219,서울특별시 종로구 이화동,17
1220,서울특별시 종로구 이화동,19
1221,서울특별시 종로구 이화동,5
1222,서울특별시 종로구 이화동,5
1223,서울특별시 종로구 이화동,5
1224,서울특별시 종로구 이화동,5
1225,서울특별시 종로구 이화동,6
1226,서울특별시 종로구 혜화동,1
1227,서울특별시 종로구 혜화동,5
1228,서울특별시 종로구 혜화동,5
1229,서울특별시 종로구 혜화동,16
1231,서울특별시 종로구 창신1동,1
1233,서울특별시 종로구 창신1동,19
1234,서울특별시 종로구 창신1동,3
1235,서울특별시 종로구 창신1동,1
1236,서울특별시 종로구 숭인2동,1
1238,서울특별시 종로구 창신3동,1
1239,서울특별시 종로구 숭인1동,2
1240,서울특별시 종로구 숭인1동,2
1243,서울특별시 종로구 숭인2동,6
1245,서울특별시 종로구 숭인1동,1
1246,서울특별시 종로구 평창동,3
1247,서울특별시 종로구 종로1.2.3.4가동,3
1249,서울특별시 종로구 종로1.2.3.4가동,1
1250,서울특별시 종로구 사직동,3
1251,서울특별시 종로구 종로1.2.3.4가동,1
1252,서울특별시 종로구 종로5.6가동,1
1253,서울특별시 종로구 창신1동,1
1254,서울특별시 종로구 창신1동,1
1256,서울특별시 종로구 종로1.2.3.4가동,3
1262,서울특별시 종로구 숭인2동,5
1267,서울특별시 종로구 종로1.2.3.4가동,2
1272,서울특별시 종로구 사직동,3
1274,서울특별시 종로구 사직동,1
1277,서울특별시 종로구 이화동,2
1278,서울특별시 종로구 부암동,4
1279,서울특별시 종로구 평창동,3
1282,서울특별시 종로구 청운효자동,1
1284,서울특별시 종로구 청운효자동,1
1285,서울특별시 종로구 청운효자동,1
1286,서울특별시 종로구 부암동,2
1287,서울특별시 종로구 부암동,4
1288,서울특별시 종로구 종로5.6가동,7
1289,서울특별시 종로구 숭인2동,2
1291,서울특별시 종로구 종로1.2.3.4가동,1
1292,서울특별시 종로구 숭인2동,1
1293,서울특별시 종로구 평창동,5
1294,서울특별시 종로구 종로1.2.3.4가동,2
1295,서울특별시 종로구 삼청동,4
1296,서울특별시 종로구 종로1.2.3.4가동,1
1500,서울특별시 종로구 평창동,2
1501,서울특별시 종로구 삼청동,1
1502,서울특별시 종로구 청운효자동,1
1503,서울특별시 종로구 혜화동,1
1504,서울특별시 종로구 혜화동,1
1505,서울특별시 종로구 교남동,1
1506,서울특별시 종로구 이화동,1
1507,서울특별시 종로구 가회동,1
1508,서울특별시 종로구 평창동,1
1509,서울특별시 종로구 삼청동,1
1510,서울특별시 종로구 청운효자동,1
1511,서울특별시 종로구 혜화동,1
1512,서울특별시 종로구 혜화동,2
1513,서울특별시 종로구 평창동,1
1514,서울특별시 종로구 교남동,1
1515,서울특별시 종로구 혜화동,1
1516,서울특별시 종로구 가회동,1
1517,서울특별시 종로구 부암동,1
1518,서울특별시 종로구 삼청동,1
1519,서울특별시 종로구 청운효자동,1
1520,서울특별시 종로구 혜화동,1
1521,서울특별시 종로구 혜화동,2
1522,서울특별시 종로구 평창동,1
1523,서울특별시 종로구 교남동,1
1524,서울특별시 종로구 창신3동,1
1525,서울특별시 종로구 삼청동,1
1526,서울특별시 종로구 가회동,1
1527,서울특별시 종로구 평창동,1
1528,서울특별시 종로구 종로1.2.3.4가동,1
1529,서울특별시 종로구 삼청동,1
1530,서울특별시 종로구 청운효자동,1
1531,서울특별시 종로구 혜화동,1
1532,서울특별시 종로구 혜화동,2
1533,서울특별시 종로구 평창동,1
1534,서울특별시 종로구 교남동,1
1535,서울특별시 종로구 창신3동,1
1536,서울특별시 종로구 가회동,1
1537,서울특별시 종로구 가회동,1
1538,서울특별시 종로구 평창동,1
1539,서울특별시 종로구 종로1.2.3.4가동,1
1540,서울특별시 종로구 청운효자동,1
1541,서울특별시 종로구 청운효자동,1
1542,서울특별시 종로구 혜화동,1
1543,서울특별시 종로구 혜화동,2
1544,서울특별시 종로구 평창동,1
1545,서울특별시 종로구 교남동,1
1546,서울특별시 종로구 숭인1동,1
1547,서울특별시 종로구 가회동,1
1548,서울특별시 종로구 가회동,2
1549,서울특별시 종로구 평창동,1
1550,서울특별시 종로구 종로1.2.3.4가동,1
1551,서울특별시 종로구 청운효자동,1
1552,서울특별시 종로구 사직동,1
1553,서울특별시 종로구 평창동,1
1554,서울특별시 종로구 교남동,1
1555,서울특별시 종로구 숭인1동,1
1556,서울특별시 종로구 가회동,2
1557,서울특별시 종로구 평창동,1
1558,서울특별시 종로구 종로1.2.3.4가동,1
1559,서울특별시 종로구 사직동,2
1560,서울특별시 종로구 이화동,3
1561,서울특별시 종로구 평창동,1
1562,서울특별시 종로구 교남동,1
1563,서울특별시 종로구 숭인1동,1
1564,서울특별시 종로구 가회동,2
1565,서울특별시 종로구 평창동,1
1566,서울특별시 종로구 종로1.2.3.4가동,1
1567,서울특별시 종로구 평창동,1
1568,서울특별시 종로구 교남동,1
1569,서울특별시 종로구 창신3동,1
1570,서울특별시 종로구 가회동,2
1571,서울특별시 종로구 평창동,1
1572,서울특별시 종로구 이화동,1
1573,서울특별시 종로구 평창동,1
1574,서울특별시 종로구 교남동,1
1575,서울특별시 종로구 창신3동,1
1576,서울특별시 종로구 가회동,2
1577,서울특별시 종로구 평창동,1
1578,서울특별시 종로구 이화동,1
1579,서울특별시 종로구 이화동,2
1580,서울특별시 종로구 평창동,1
1581,서울특별시 종로구 교남동,1
1582,서울특별시 종로구 창신3동,1
1583,서울특별시 종로구 종로1.2.3.4가동,2
1584,서울특별시 종로구 부암동,1
1585,서울특별시 종로구 이화동,2
1586,서울특별시 종로구 평창동,1
1587,서울특별시 종로구 교남동,1
1588,서울특별시 종로구 창신1동,1
1589,서울특별시 종로구 종로1.2.3.4가동,2
1590,서울특별시 종로구 부암동,1
1591,서울특별시 종로구 이화동,1
1592,서울특별시 종로구 혜화동,2
1593,서울특별시 종로구 평창동,1
1594,서울특별시 종로구 사직동,1
1595,서울특별시 종로구 창신1동,1
1596,서울특별시 종로구 종로1.2.3.4가동,2
1597,서울특별시 종로구 부암동,1
1598,서울특별시 종로구 혜화동,1
1599,서울특별시 종로구 종로1.2.3.4가동,2
1600,서울특별시 종로구 혜화동,1
1607,서울특별시 종로구 평창동,1
1611,서울특별시 종로구 종로1.2.3.4가동,2
1667,서울특별시 종로구 사직동,1
1682,서울특별시 종로구 창신2동,1
1683,서울특별시 종로구 종로1.2.3.4가동,2
1684,서울특별시 종로구 부암동,1
1685,서울특별시 종로구 사직동,1
1686,서울특별시 종로구 이화동,1
1697,서울특별시 종로구 혜화동,1
1698,서울특별시 종로구 평창동,1
1699,서울특별시 종로구 사직동,1
1702,서울특별시 종로구 종로5.6가동,1
1714,서울특별시 종로구 부암동,1
1720,서울특별시 종로구 삼청동,1
1721,서울특별시 종로구 청운효자동,1
1722,서울특별시 종로구 혜화동,1
1723,서울특별시 종로구 평창동,1
1724,서울특별시 종로구 사직동,1
1725,서울특별시 종로구 종로5.6가동,2
1727,서울특별시 종로구 종로1.2.3.4가동,1
1728,서울특별시 종로구 삼청동,1
1729,서울특별시 종로구 청운효자동,1
1730,서울특별시 종로구 종로1.2.3.4가동,1
1732,서울특별시 종로구 평창동,1
1733,서울특별시 종로구 종로1.2.3.4가동,1
1761,서울특별시 종로구 사직동,1
1762,서울특별시 종로구 사직동,1
1763,서울특별시 종로구 종로1.2.3.4가동,1
1764,서울특별시 종로구 종로1.2.3.4가동,1
1765,서울특별시 종로구 종로1.2.3.4가동,1
1766,서울특별시 종로구 종로1.2.3.4가동,1
1767,서울특별시 종로구 종로1.2.3.4가동,1
1768,서울특별시 종로구 종로1.2.3.4가동,1
1769,서울특별시 종로구 종로1.2.3.4가동,1
1770,서울특별시 종로구 종로5.6가동,1
1771,서울특별시 종로구 종로5.6가동,1
1773,서울특별시 종로구 창신1동,1
1776,서울특별시 종로구 사직동,1
1777,서울특별시 종로구 사직동,1
1778,서울특별시 종로구 사직동,1
1779,서울특별시 종로구 삼청동,1
1780,서울특별시 종로구 종로1.2.3.4가동,1
1781,서울특별시 종로구 가회동,1
1782,서울특별시 종로구 혜화동,1
1789,서울특별시 종로구 종로1.2.3.4가동,2
1790,서울특별시 종로구 종로1.2.3.4가동,1
1791,서울특별시 종로구 부암동,2
1792,서울특별시 종로구 삼청동,1
1793,서울특별시 종로구 청운효자동,1
1794,서울특별시 종로구 종로1.2.3.4가동,1
1795,서울특별시 종로구 평창동,1
1796,서울특별시 종로구 사직동,1
1797,서울특별시 종로구 이화동,1
1798,서울특별시 종로구 종로1.2.3.4가동,1
1799,서울특별시 종로구 부암동,1
1800,서울특별시 종로구 삼청동,1
1801,서울특별시 종로구 청운효자동,1
1802,서울특별시 종로구 평창동,1
1803,서울특별시 종로구 사직동,1
1804,서울특별시 종로구 종로5.6가동,1
1805,서울특별시 종로구 가회동,2
1806,서울특별시 종로구 부암동,1
1807,서울특별시 종로구 삼청동,1
1809,서울특별시 종로구 평창동,1
1810,서울특별시 종로구 사직동,1
1811,서울특별시 종로구 창신1동,1
1812,서울특별시 종로구 가회동,2
1813,서울특별시 종로구 부암동,1
1814,서울특별시 종로구 삼청동,1
1815,서울특별시 종로구 이화동,1
1816,서울특별시 종로구 평창동,1
1817,서울특별시 종로구 교남동,1
1818,서울특별시 종로구 숭인1동,1
1819,서울특별시 종로구 가회동,1
1821,서울특별시 종로구 부암동,1
1823,서울특별시 종로구 평창동,1
1824,서울특별시 종로구 교남동,1
1825,서울특별시 종로구 숭인1동,1
1826,서울특별시 종로구 가회동,1
1827,서울특별시 종로구 가회동,1
1829,서울특별시 종로구 부암동,1
1830,서울특별시 종로구 평창동,1
1831,서울특별시 종로구 교남동,1
1832,서울특별시 종로구 숭인1동,1
1833,서울특별시 종로구 가회동,1
1835,서울특별시 종로구 부암동,1
1836,서울특별시 종로구 평창동,1
1837,서울특별시 종로구 교남동,1
1838,서울특별시 종로구 숭인1동,1
1839,서울특별시 종로구 가회동,1
1840,서울특별시 종로구 부암동,1
1841,서울특별시 종로구 혜화동,1
1842,서울특별시 종로구 평창동,1
1843,서울특별시 종로구 교남동,1
1844,서울특별시 종로구 숭인1동,1
1845,서울특별시 종로구 가회동,1
1846,서울특별시 종로구 부암동,1
1847,서울특별시 종로구 혜화동,1
1848,서울특별시 종로구 평창동,1
1849,서울특별시 종로구 교남동,1
1850,서울특별시 종로구 숭인1동,1
1851,서울특별시 종로구 가회동,1
1852,서울특별시 종로구 혜화동,1
1853,서울특별시 종로구 평창동,1
1855,서울특별시 성북구 보문동,1
1856,서울특별시 종로구 가회동,1
1858,서울특별시 종로구 혜화동,1
1860,서울특별시 종로구 혜화동,1
1861,서울특별시 종로구 부암동,1
1862,서울특별시 종로구 혜화동,1
1863,서울특별시 종로구 부암동,1
1864,서울특별시 종로구 혜화동,1
1865,서울특별시 종로구 부암동,1
1866,서울특별시 종로구 혜화동,1
1868,서울특별시 종로구 평창동,1
1869,서울특별시 종로구 혜화동,1
1870,서울특별시 종로구 평창동,1
1872,서울특별시 종로구 평창동,1
1873,서울특별시 종로구 평창동,1
1874,서울특별시 종로구 부암동,1
1875,서울특별시 종로구 평창동,1
1876,서울특별시 종로구 혜화동,3
1877,서울특별시 종로구 이화동,2
1878,서울특별시 종로구 이화동,1
1879,서울특별시 종로구 종로5.6가동,2
1881,서울특별시 종로구 혜화동,1
1882,서울특별시 종로구 무악동,1
1883,서울특별시 종로구 이화동,1
1886,서울특별시 종로구 이화동,1
1887,서울특별시 종로구 이화동,2
1888,서울특별시 종로구 종로1.2.3.4가동,2
1889,서울특별시 종로구 종로1.2.3.4가동,1
1890,서울특별시 종로구 종로1.2.3.4가동,1
1892,서울특별시 종로구 사직동,1
1893,서울특별시 종로구 종로1.2.3.4가동,1
1894,서울특별시 종로구 사직동,1
2001,서울특별시 중구 명동,5
2002,서울특별시 중구 명동,6
2003,서울특별시 중구 회현동,3
2004,서울특별시 중구 회현동,20
2005,서울특별시 중구 회현동,13
2006,서울특별시 중구 회현동,17
2007,서울특별시 중구 회현동,14
2008,서울특별시 중구 회현동,22
2101,서울특별시 중구 중림동,5
2102,서울특별시 중구 중림동,6
2103,서울특별시 중구 중림동,3
2104,서울특별시 중구 회현동,1
2105,서울특별시 중구 회현동,7
2106,서울특별시 중구 중림동,6
2107,서울특별시 중구 중림동,8
2108,서울특별시 중구 중림동,4
2109,서울특별시 중구 중림동,6
2110,서울특별시 중구 소공동,14
2113,서울특별시 중구 소공동,13
2116,서울특별시 중구 회현동,10
2117,서울특별시 중구 회현동,6
2118,서울특별시 중구 회현동,6
2120,서울특별시 중구 회현동,3
2121,서울특별시 중구 회현동,2
2122,서울특별시 중구 회현동,19
2123,서울특별시 중구 회현동,3
2124,서울특별시 중구 회현동,3
2125,서울특별시 중구 회현동,2
2126,서울특별시 중구 회현동,4
2127,서울특별시 중구 소공동,27
2128,서울특별시 중구 소공동,12
2131,서울특별시 중구 소공동,12
2132,서울특별시 중구 소공동,5
2133,서울특별시 중구 소공동,5
2134,서울특별시 중구 소공동,6
2137,서울특별시 중구 명동,9
2139,서울특별시 중구 명동,17
2140,서울특별시 중구 소공동,17
2141,서울특별시 중구 소공동,6
2142,서울특별시 중구 명동,23
2144,서울특별시 중구 회현동,2
2145,서울특별시 중구 회현동,5
2146,서울특별시 중구 회현동,11
2147,서울특별시 중구 회현동,4
2148,서울특별시 중구 명동,7
2149,서울특별시 중구 명동,9
2150,서울특별시 중구 명동,8
2151,서울특별시 중구 필동,11
2152,서울특별시 중구 필동,9
2153,서울특별시 중구 필동,8
2154,서울특별시 중구 광희동,9
2155,서울특별시 중구 을지로동,2
2156,서울특별시 중구 명동,9
2157,서울특별시 중구 명동,5
2158,서울특별시 중구 명동,10
2159,서울특별시 중구 명동,6
2160,서울특별시 중구 을지로동,5
2161,서울특별시 중구 을지로동,6
2162,서울특별시 중구 을지로동,5
2163,서울특별시 중구 을지로동,10
2164,서울특별시 중구 광희동,5
2165,서울특별시 중구 을지로동,4
2166,서울특별시 중구 을지로동,6
2167,서울특별시 중구 을지로동,4
2168,서울특별시 중구 을지로동,2
2169,서울특별시 중구 광희동,6
2170,서울특별시 중구 광희동,9
2171,서울특별시 중구 광희동,7
2172,서울특별시 중구 광희동,5
2173,서울특별시 중구 광희동,13
2174,서울특별시 중구 광희동,16
2177,서울특별시 중구 신당동,9
2178,서울특별시 중구 신당동,7
2179,서울특별시 중구 신당동,3
2180,서울특별시 중구 신당동,2
2181,서울특별시 중구 황학동,8
2182,서울특별시 중구 신당5동,9
2183,서울특별시 중구 황학동,10
2184,서울특별시 중구 신당5동,7
2187,서울특별시 중구 신당동,5
2188,서울특별시 중구 동화동,4
2189,서울특별시 중구 청구동,4
2190,서울특별시 중구 다산동,5
2191,서울특별시 중구 다산동,5
2192,서울특별시 중구 청구동,4
2193,서울특별시 중구 약수동,4
2194,서울특별시 중구 약수동,2
2195,서울특별시 중구 다산동,5
2196,서울특별시 중구 약수동,6
2197,서울특별시 중구 약수동,6
2198,서울특별시 중구 다산동,5
2201,서울특별시 중구 장충동,5
2202,서울특별시 중구 장충동,5
2203,서울특별시 중구 장충동,6
2204,서울특별시 중구 장충동,6
2205,서울특별시 중구 광희동,5
2206,서울특별시 중구 광희동,7
2207,서울특별시 중구 필동,8
2208,서울특별시 중구 광희동,5
2209,서울특별시 중구 장충동,1
2210,서울특별시 중구 장충동,5
2211,서울특별시 중구 동화동,2
2212,서울특별시 중구 청구동,2
2213,서울특별시 중구 동화동,2
2214,서울특별시 중구 청구동,2
2215,서울특별시 중구 회현동,4
2218,서울특별시 중구 회현동,3
2219,서울특별시 중구 회현동,20
2220,서울특별시 중구 명동,2
2221,서울특별시 중구 필동,2
2222,서울특별시 중구 장충동,4
2224,서울특별시 중구 명동,3
2225,서울특별시 중구 명동,1
2226,서울특별시 중구 을지로동,1
2227,서울특별시 중구 을지로동,1
2228,서울특별시 중구 을지로동,1
2229,서울특별시 중구 신당동,2
2230,서울특별시 중구 황학동,2
2233,서울특별시 중구 소공동,8
2235,서울특별시 중구 광희동,5
2236,서울특별시 중구 다산동,5
2237,서울특별시 중구 약수동,6
2240,서울특별시 중구 을지로동,1
2241,서울특별시 중구 광희동,1
2242,서울특별시 중구 필동,2
2246,서울특별시 중구 명동,11
2252,서울특별시 중구 신당5동,8
2253,서울특별시 중구 명동,1
2254,서울특별시 중구 장충동,5
2255,서울특별시 중구 청구동,2
2256,서울특별시 중구 동화동,2
2257,서울특별시 중구 황학동,2
2258,서울특별시 중구 신당5동,1
2259,서울특별시 중구 신당5동,1
2260,서울특별시 중구 신당5동,1
2261,서울특별시 중구 신당5동,1
2262,서울특별시 중구 소공동,1
2269,서울특별시 중구 회현동,2
2272,서울특별시 중구 을지로동,1
2273,서울특별시 중구 황학동,2
2274,서울특별시 중구 광희동,3
2275,서울특별시 중구 광희동,3
2277,서울특별시 중구 황학동,1
2278,서울특별시 중구 소공동,1
2279,서울특별시 중구 신당동,1
2280,서울특별시 중구 신당동,1
2281,서울특별시 중구 소공동,11
2282,서울특별시 중구 회현동,1
2284,서울특별시 중구 회현동,2
2285,서울특별시 중구 회현동,3
2286,서울특별시 중구 소공동,8
2287,서울특별시 중구 명동,1
2501,서울특별시 중구 약수동,2
2502,서울특별시 중구 명동,2
2503,서울특별시 중구 소공동,2
2504,서울특별시 중구 소공동,2
2505,서울특별시 중구 회현동,1
2506,서울특별시 중구 소공동,2
2507,서울특별시 중구 명동,2
2508,서울특별시 중구 신당5동,1
2509,서울특별시 중구 신당5동,1
2510,서울특별시 중구 신당5동,1
2511,서울특별시 중구 신당5동,1
2512,서울특별시 중구 신당5동,1
2513,서울특별시 중구 중림동,1
2514,서울특별시 중구 중림동,1
2515,서울특별시 중구 회현동,1
2516,서울특별시 중구 중림동,1
2517,서울특별시 중구 청구동,1
2518,서울특별시 성동구 금호2.3가동,1
2605,서울특별시 중구 소공동,2
2621,서울특별시 중구 장충동,1
2632,서울특별시 중구 명동,2
2634,서울특별시 중구 소공동,1
2639,서울특별시 중구 명동,1
2643,서울특별시 중구 명동,2
2649,서울특별시 중구 소공동,1
2652,서울특별시 중구 장충동,1
2661,서울특별시 중구 명동,3
2662,서울특별시 중구 소공동,3
2664,서울특별시 중구 소공동,1
2665,서울특별시 중구 회현동,1
2669,서울특별시 중구 명동,2
2673,서울특별시 중구 회현동,1
2679,서울특별시 중구 광희동,2
2680,서울특별시 중구 회현동,2
2681,서울특별시 중구 명동,2
2682,서울특별시 중구 소공동,1
2685,서울특별시 중구 회현동,1
2686,서울특별시 중구 을지로동,1
2687,서울특별시 중구 광희동,1
2688,서울특별시 중구 광희동,1
2689,서울특별시 중구 장충동,1
2691,서울특별시 중구 장충동,1
2692,서울특별시 중구 다산동,1
2693,서울특별시 중구 회현동,1
2694,서울특별시 중구 회현동,1
2695,서울특별시 중구 소공동,1
2696,서울특별시 강남구 역삼1동,1
2697,서울특별시 강남구 논현1동,1
2698,서울특별시 강남구 삼성2동,1
2699,서울특별시 중구 소공동,1
2701,서울특별시 중구 장충동,1
2702,서울특별시 중구 회현동,1
2703,서울특별시 중구 회현동,1
2704,서울특별시 중구 소공동,1
2706,서울특별시 중구 명동,1
2707,서울특별시 중구 소공동,1
2708,서울특별시 중구 소공동,1
2709,서울특별시 중구 광희동,1
3001,서울특별시 용산구 한강로동,17
3002,서울특별시 용산구 한강로동,16
3003,서울특별시 용산구 한강로동,18
3004,서울특별시 용산구 한강로동,16
3005,서울특별시 용산구 한강로동,16
3006,서울특별시 용산구 한강로동,16
3007,서울특별시 용산구 한강로동,17
3008,서울특별시 용산구 한강로동,17
3009,서울특별시 용산구 남영동,21
3010,서울특별시 용산구 남영동,18
3011,서울특별시 용산구 남영동,20
3012,서울특별시 용산구 남영동,22
3110,서울특별시 용산구 남영동,4
3111,서울특별시 용산구 남영동,3
3119,서울특별시 용산구 한강로동,2
3122,서울특별시 용산구 한강로동,1
3124,서울특별시 용산구 남영동,2
3125,서울특별시 용산구 청파동,1
3126,서울특별시 용산구 청파동,2
3127,서울특별시 용산구 청파동,1
3128,서울특별시 용산구 청파동,2
3129,서울특별시 용산구 청파동,2
3130,서울특별시 용산구 원효로1동,1
3131,서울특별시 용산구 원효로1동,1
3132,서울특별시 용산구 한강로동,2
3133,서울특별시 용산구 한강로동,1
3134,서울특별시 용산구 원효로1동,2
3135,서울특별시 용산구 한강로동,2
3136,서울특별시 용산구 한강로동,2
3137,서울특별시 용산구 한강로동,2
3138,서울특별시 용산구 한강로동,2
3139,서울특별시 용산구 원효로1동,5
3140,서울특별시 용산구 원효로1동,7
3141,서울특별시 용산구 원효로1동,5
3142,서울특별시 용산구 원효로1동,6
3143,서울특별시 용산구 원효로1동,8
3144,서울특별시 용산구 원효로1동,7
3145,서울특별시 용산구 원효로1동,5
3146,서울특별시 용산구 원효로2동,6
3147,서울특별시 용산구 원효로2동,6
3148,서울특별시 용산구 용산2가동,3
3149,서울특별시 용산구 이태원2동,3
3150,서울특별시 용산구 용산2가동,4
3151,서울특별시 용산구 용산2가동,5
3152,서울특별시 용산구 이태원2동,4
3153,서울특별시 용산구 이태원1동,5
3154,서울특별시 용산구 용산2가동,5
3155,서울특별시 용산구 서빙고동,6
3156,서울특별시 용산구 서빙고동,5
3157,서울특별시 용산구 서빙고동,6
3158,서울특별시 용산구 한남동,7
3159,서울특별시 용산구 한남동,2
3160,서울특별시 용산구 한남동,7
3161,서울특별시 용산구 한남동,10
3162,서울특별시 용산구 한남동,15
3163,서울특별시 용산구 한남동,2
3164,서울특별시 용산구 한남동,1
3165,서울특별시 용산구 한남동,15
3166,서울특별시 용산구 한남동,14
3167,서울특별시 용산구 후암동,6
3168,서울특별시 용산구 후암동,2
3169,서울특별시 용산구 후암동,2
3170,서울특별시 용산구 후암동,2
3171,서울특별시 용산구 용산2가동,2
3172,서울특별시 용산구 용산2가동,2
3173,서울특별시 용산구 이태원2동,2
3174,서울특별시 용산구 이태원2동,2
3175,서울특별시 용산구 이태원2동,2
3176,서울특별시 용산구 한남동,3
3177,서울특별시 용산구 효창동,3
3178,서울특별시 용산구 효창동,2
3179,서울특별시 용산구 효창동,4
3180,서울특별시 용산구 용문동,4
3181,서울특별시 용산구 원효로1동,4
3182,서울특별시 용산구 원효로1동,4
3183,서울특별시 용산구 원효로1동,2
3184,서울특별시 용산구 남영동,3
3185,서울특별시 용산구 한강로동,4
3186,서울특별시 용산구 용산2가동,3
3187,서울특별시 용산구 용산2가동,3
3188,서울특별시 용산구 이태원1동,2
3189,서울특별시 용산구 이태원1동,3
3190,서울특별시 용산구 이태원1동,2
3191,서울특별시 용산구 이태원1동,5
3192,서울특별시 용산구 이태원1동,3
3193,서울특별시 용산구 한남동,4
3194,서울특별시 용산구 한남동,3
3195,서울특별시 용산구 한남동,4
3196,서울특별시 용산구 한남동,3
3197,서울특별시 용산구 한남동,5
3198,서울특별시 용산구 남영동,2
3199,서울특별시 용산구 후암동,2
3200,서울특별시 용산구 후암동,2
3201,서울특별시 용산구 후암동,2
3202,서울특별시 용산구 후암동,2
3203,서울특별시 용산구 후암동,2
3204,서울특별시 용산구 후암동,1
3205,서울특별시 용산구 남영동,1
3206,서울특별시 용산구 후암동,2
3207,서울특별시 용산구 남영동,1
3208,서울특별시 용산구 남영동,2
3209,서울특별시 용산구 남영동,2
3210,서울특별시 용산구 한남동,3
3211,서울특별시 용산구 한남동,3
3212,서울특별시 용산구 한남동,3
3213,서울특별시 용산구 한남동,3
3214,서울특별시 용산구 이촌1동,4
3215,서울특별시 용산구 이촌1동,4
3216,서울특별시 용산구 이촌1동,4
3217,서울특별시 용산구 이촌1동,4
3218,서울특별시 용산구 이촌1동,4
3219,서울특별시 용산구 이촌1동,4
3220,서울특별시 용산구 이촌1동,4
3221,서울특별시 용산구 이촌1동,4
3222,서울특별시 용산구 이촌1동,4
3223,서울특별시 용산구 이촌1동,4
3224,서울특별시 용산구 이촌1동,4
3225,서울특별시 용산구 서빙고동,4
3226,서울특별시 용산구 서빙고동,4
3227,서울특별시 용산구 청파동,5
3228,서울특별시 용산구 청파동,6
3229,서울특별시 용산구 청파동,3
3230,서울특별시 용산구 청파동,3
3231,서울특별시 용산구 청파동,2
3232,서울특별시 용산구 청파동,1
3233,서울특별시 용산구 청파동,1
3234,서울특별시 용산구 청파동,2
3235,서울특별시 용산구 청파동,3
3236,서울특별시 용산구 효창동,3
3237,서울특별시 용산구 효창동,3
3238,서울특별시 용산구 효창동,3
3239,서울특별시 용산구 효창동,4
3240,서울특별시 용산구 효창동,2
3241,서울특별시 용산구 효창동,3
3242,서울특별시 용산구 용문동,1
3243,서울특별시 용산구 용문동,2
3244,서울특별시 용산구 용문동,2
3245,서울특별시 용산구 용문동,1
3246,서울특별시 용산구 용문동,1
3247,서울특별시 용산구 용문동,3
3248,서울특별시 용산구 원효로1동,2
3249,서울특별시 용산구 원효로1동,3
3250,서울특별시 용산구 원효로1동,3
3251,서울특별시 용산구 한강로동,2
3252,서울특별시 용산구 한강로동,3
3253,서울특별시 용산구 한강로동,1
3255,서울특별시 용산구 한강로동,4
3256,서울특별시 용산구 한강로동,3
3257,서울특별시 용산구 한강로동,2
3258,서울특별시 용산구 한강로동,2
3259,서울특별시 용산구 한강로동,2
3260,서울특별시 용산구 한강로동,2
3261,서울특별시 용산구 한강로동,3
3262,서울특별시 용산구 한강로동,3
3263,서울특별시 용산구 한강로동,3
3264,서울특별시 용산구 한강로동,3
3265,서울특별시 용산구 서빙고동,2
3266,서울특별시 용산구 서빙고동,3
3267,서울특별시 용산구 서빙고동,5
3268,서울특별시 용산구 서빙고동,1
3269,서울특별시 용산구 서빙고동,2
3270,서울특별시 용산구 서빙고동,2
3272,서울특별시 용산구 서빙고동,4
3273,서울특별시 용산구 서빙고동,4
3274,서울특별시 용산구 서빙고동,5
3275,서울특별시 용산구 서빙고동,5
3276,서울특별시 용산구 보광동,4
3277,서울특별시 용산구 보광동,3
3278,서울특별시 용산구 보광동,3
3279,서울특별시 용산구 보광동,3
3280,서울특별시 용산구 보광동,3
3281,서울특별시 용산구 보광동,3
3282,서울특별시 용산구 이태원1동,3
3283,서울특별시 용산구 이태원1동,3
3284,서울특별시 용산구 이태원1동,3
3285,서울특별시 용산구 한남동,3
3286,서울특별시 용산구 한남동,3
3287,서울특별시 용산구 이촌2동,2
3288,서울특별시 용산구 한강로동,2
3289,서울특별시 용산구 이촌2동,3
3290,서울특별시 용산구 한강로동,2
3291,서울특별시 용산구 이촌2동,3
3292,서울특별시 용산구 이촌2동,2
3293,서울특별시 용산구 이촌2동,3
3294,서울특별시 용산구 한강로동,2
3295,서울특별시 용산구 이촌2동,3
3296,서울특별시 용산구 원효로2동,1
3297,서울특별시 용산구 원효로2동,3
3298,서울특별시 용산구 원효로2동,4
3299,서울특별시 용산구 원효로2동,3
3300,서울특별시 용산구 원효로2동,2
3301,서울특별시 용산구 원효로2동,4
3302,서울특별시 용산구 원효로2동,2
3303,서울특별시 용산구 원효로2동,1
3304,서울특별시 용산구 원효로2동,2
3305,서울특별시 용산구 원효로2동,2
3306,서울특별시 용산구 원효로2동,1
3307,서울특별시 용산구 원효로2동,1
3308,서울특별시 용산구 원효로2동,1
3309,서울특별시 용산구 원효로2동,1
3310,서울특별시 용산구 원효로2동,1
3311,서울특별시 용산구 용문동,1
3312,서울특별시 용산구 용문동,1
3313,서울특별시 용산구 용문동,1
3319,서울특별시 용산구 한남동,2
3320,서울특별시 용산구 용산2가동,5
3321,서울특별시 용산구 원효로2동,1
3322,서울특별시 용산구 원효로2동,1
3323,서울특별시 용산구 서빙고동,1
3324,서울특별시 용산구 한남동,5
3325,서울특별시 용산구 서빙고동,4
3326,서울특별시 용산구 원효로1동,1
3327,서울특별시 용산구 남영동,5
3328,서울특별시 용산구 한강로동,2
3330,서울특별시 용산구 청파동,1
3331,서울특별시 용산구 원효로2동,2
3332,서울특별시 용산구 원효로1동,1
3334,서울특별시 용산구 한남동,2
3335,서울특별시 용산구 청파동,1
3336,서울특별시 용산구 서빙고동,2
3338,서울특별시 용산구 이촌2동,1
3339,서울특별시 용산구 이촌1동,1
3340,서울특별시 용산구 이촌2동,15
3341,서울특별시 용산구 이촌1동,15
3342,서울특별시 용산구 이태원2동,2
3343,서울특별시 용산구 이태원2동,2
3344,서울특별시 용산구 청파동,1
3345,서울특별시 용산구 청파동,1
3500,서울특별시 용산구 한남동,1
3501,서울특별시 용산구 용산2가동,1
3502,서울특별시 용산구 한남동,1
3503,서울특별시 용산구 용산2가동,1
3504,서울특별시 용산구 한남동,1
3505,서울특별시 용산구 이태원2동,1
3506,서울특별시 용산구 용산2가동,1
3507,서울특별시 용산구 한남동,1
3508,서울특별시 용산구 효창동,1
3509,서울특별시 용산구 이태원2동,1
3510,서울특별시 용산구 용산2가동,1
3512,서울특별시 용산구 이태원2동,1
3513,서울특별시 용산구 용산2가동,1
3514,서울특별시 용산구 보광동,1
3515,서울특별시 마포구 공덕동,1
3516,서울특별시 용산구 이태원2동,1
3517,서울특별시 용산구 용산2가동,1
3518,서울특별시 용산구 보광동,1
3519,서울특별시 용산구 효창동,1
3521,서울특별시 용산구 용산2가동,1
3522,서울특별시 용산구 서빙고동,1
3523,서울특별시 용산구 효창동,1
3524,서울특별시 용산구 용산2가동,1
3525,서울특별시 용산구 용산2가동,1
3526,서울특별시 용산구 서빙고동,1
3528,서울특별시 용산구 남영동,1
3529,서울특별시 용산구 후암동,1
3530,서울특별시 용산구 이태원1동,1
3532,서울특별시 용산구 후암동,1
3533,서울특별시 용산구 이태원1동,1
3534,서울특별시 용산구 효창동,1
3535,서울특별시 용산구 남영동,2
3536,서울특별시 용산구 남영동,1
3537,서울특별시 용산구 이태원1동,1
3540,서울특별시 용산구 원효로1동,1
3541,서울특별시 용산구 남영동,1
3542,서울특별시 용산구 보광동,1
3543,서울특별시 용산구 용문동,1
3544,서울특별시 용산구 원효로1동,1
3545,서울특별시 용산구 보광동,1
3546,서울특별시 용산구 용문동,1
3547,서울특별시 용산구 원효로1동,1
3548,서울특별시 용산구 원효로1동,1
3549,서울특별시 용산구 보광동,1
3550,서울특별시 용산구 용문동,1
3551,서울특별시 용산구 원효로1동,1
3552,서울특별시 용산구 원효로1동,1
3553,서울특별시 용산구 보광동,1
3556,서울특별시 용산구 원효로1동,1
3557,서울특별시 용산구 한남동,1
3558,서울특별시 용산구 한강로동,1
3560,서울특별시 용산구 한남동,1
3561,서울특별시 용산구 한강로동,1
3562,서울특별시 용산구 남영동,1
3563,서울특별시 용산구 한남동,1
3564,서울특별시 용산구 한강로동,1
3565,서울특별시 용산구 남영동,1
3566,서울특별시 용산구 한남동,1
3567,서울특별시 용산구 한강로동,1
3568,서울특별시 용산구 남영동,1
3569,서울특별시 용산구 이태원1동,1
3570,서울특별시 용산구 한강로동,1
3571,서울특별시 용산구 남영동,1
3572,서울특별시 용산구 이태원1동,1
3573,서울특별시 용산구 이태원2동,1
3574,서울특별시 용산구 후암동,1
3575,서울특별시 용산구 한남동,1
3577,서울특별시 용산구 후암동,1
3578,서울특별시 용산구 한남동,1
3579,서울특별시 용산구 이태원2동,1
3580,서울특별시 용산구 용산2가동,1
3581,서울특별시 용산구 이태원2동,1
3582,서울특별시 용산구 후암동,1
3583,서울특별시 용산구 이태원2동,1
3584,서울특별시 용산구 용산2가동,1
3585,서울특별시 용산구 이태원2동,1
3586,서울특별시 용산구 용산2가동,1
3588,서울특별시 용산구 용산2가동,1
3589,서울특별시 용산구 용산2가동,1
3590,서울특별시 용산구 용산2가동,1
3591,서울특별시 용산구 용산2가동,1
3592,서울특별시 용산구 용산2가동,1
3593,서울특별시 용산구 용산2가동,1
3594,서울특별시 용산구 남영동,1
3595,서울특별시 용산구 원효로2동,1
3596,서울특별시 용산구 청파동,1
3597,서울특별시 용산구 청파동,1
3598,서울특별시 용산구 효창동,1
3648,서울특별시 용산구 이촌1동,1
3649,서울특별시 용산구 이촌1동,1
3650,서울특별시 용산구 효창동,1
3680,서울특별시 용산구 한남동,1
3688,서울특별시 용산구 청파동,1
3689,서울특별시 용산구 원효로2동,1
3699,서울특별시 용산구 청파동,1
3700,서울특별시 용산구 청파동,1
3709,서울특별시 용산구 원효로2동,1
3710,서울특별시 용산구 서빙고동,1
3721,서울특별시 용산구 한강로동,1
3722,서울특별시 용산구 한강로동,1
3723,서울특별시 용산구 이태원1동,2
3726,서울특별시 용산구 한남동,1
3728,서울특별시 용산구 서빙고동,1
3729,서울특별시 용산구 이촌1동,1
3730,서울특별시 용산구 이촌1동,1
3731,서울특별시 용산구 서빙고동,1
3732,서울특별시 용산구 이촌1동,1
3733,서울특별시 용산구 이촌1동,1
3734,서울특별시 용산구 이촌1동,1
3735,서울특별시 용산구 이촌1동,1
3736,서울특별시 용산구 한남동,1
3737,서울특별시 용산구 용문동,2
3738,서울특별시 용산구 용산2가동,1
3740,서울특별시 용산구 한남동,1
3742,서울특별시 용산구 한남동,1
3743,서울특별시 용산구 원효로1동,1
3744,서울특별시 용산구 원효로1동,1
3746,서울특별시 용산구 한남동,1
3748,서울특별시 용산구 한남동,1
3749,서울특별시 용산구 한남동,1
3750,서울특별시 용산구 한남동,1
3751,서울특별시 용산구 한남동,1
3752,서울특별시 용산구 한남동,1
3753,서울특별시 용산구 이태원2동,1
3754,서울특별시 용산구 이태원2동,1
3759,서울특별시 용산구 한강로동,1
3760,서울특별시 용산구 한강로동,1
3810,서울특별시 강남구 신사동,1
3900,서울특별시 용산구 원효로2동,1
4001,서울특별시 성동구 용답동,6
4002,서울특별시 성동구 용답동,9
4003,서울특별시 성동구 용답동,10
4101,서울특별시 성동구 왕십리2동,5
4102,서울특별시 성동구 왕십리도선동,11
4103,서울특별시 성동구 왕십리도선동,11
4104,서울특별시 성동구 왕십리도선동,4
4106,서울특별시 성동구 왕십리도선동,4
4107,서울특별시 성동구 왕십리도선동,6
4108,서울특별시 성동구 왕십리도선동,2
4109,서울특별시 성동구 왕십리2동,8
4110,서울특별시 성동구 왕십리도선동,8
4111,서울특별시 성동구 행당1동,6
4112,서울특별시 성동구 왕십리도선동,6
4113,서울특별시 성동구 왕십리도선동,4
4114,서울특별시 성동구 왕십리도선동,7
4116,서울특별시 성동구 마장동,3
4117,서울특별시 성동구 마장동,3
4118,서울특별시 성동구 마장동,3
4119,서울특별시 성동구 마장동,7
4120,서울특별시 성동구 마장동,7
4121,서울특별시 성동구 마장동,7
4122,서울특별시 성동구 마장동,7
4123,서울특별시 성동구 마장동,3
4124,서울특별시 성동구 마장동,3
4125,서울특별시 성동구 사근동,3
4126,서울특별시 성동구 사근동,3
4127,서울특별시 성동구 사근동,4
4128,서울특별시 성동구 사근동,3
4129,서울특별시 성동구 사근동,8
4130,서울특별시 성동구 사근동,8
4131,서울특별시 성동구 행당1동,8
4132,서울특별시 성동구 행당2동,9
4133,서울특별시 성동구 행당1동,8
4134,서울특별시 성동구 행당1동,7
4135,서울특별시 성동구 행당1동,3
4136,서울특별시 성동구 행당1동,9
4137,서울특별시 성동구 행당1동,9
4138,서울특별시 성동구 응봉동,5
4139,서울특별시 성동구 응봉동,5
4140,서울특별시 성동구 행당1동,9
4141,서울특별시 성동구 응봉동,5
4142,서울특별시 성동구 응봉동,5
4143,서울특별시 성동구 금호1가동,2
4144,서울특별시 성동구 금호2.3가동,2
4145,서울특별시 성동구 금호1가동,2
4146,서울특별시 성동구 금호2.3가동,2
4147,서울특별시 성동구 금호1가동,2
4148,서울특별시 성동구 금호2.3가동,2
4149,서울특별시 성동구 금호1가동,2
4150,서울특별시 성동구 금호2.3가동,2
4151,서울특별시 성동구 금호1가동,2
4152,서울특별시 성동구 금호2.3가동,2
4153,서울특별시 성동구 금호4가동,7
4154,서울특별시 성동구 금호2.3가동,7
4155,서울특별시 성동구 금호4가동,2
4156,서울특별시 성동구 금호2.3가동,2
4157,서울특별시 성동구 금호4가동,7
4158,서울특별시 성동구 금호4가동,7
4159,서울특별시 성동구 금호4가동,5
4160,서울특별시 성동구 금호1가동,5
4161,서울특별시 성동구 옥수동,6
4162,서울특별시 성동구 옥수동,6
4163,서울특별시 성동구 옥수동,5
4164,서울특별시 성동구 옥수동,1
4165,서울특별시 성동구 옥수동,1
4168,서울특별시 성동구 옥수동,1
4169,서울특별시 성동구 옥수동,4
4170,서울특별시 성동구 옥수동,3
4171,서울특별시 성동구 성수1가1동,4
4172,서울특별시 성동구 성수1가1동,4
4173,서울특별시 성동구 성수1가1동,4
4174,서울특별시 성동구 성수1가1동,4
4175,서울특별시 성동구 성수1가1동,4
4176,서울특별시 성동구 성수1가1동,4
4177,서울특별시 성동구 성수1가1동,4
4178,서울특별시 성동구 성수1가1동,4
4179,서울특별시 성동구 성수1가1동,4
4180,서울특별시 성동구 성수1가2동,4
4181,서울특별시 성동구 성수1가1동,3
4182,서울특별시 성동구 성수2가1동,3
4183,서울특별시 성동구 성수1가1동,1
4184,서울특별시 성동구 성수1가1동,1
4185,서울특별시 성동구 성수1가2동,4
4186,서울특별시 성동구 성수1가2동,4
4187,서울특별시 성동구 성수1가2동,4
4188,서울특별시 성동구 성수1가2동,4
4189,서울특별시 성동구 성수2가1동,7
4190,서울특별시 성동구 성수2가1동,4
4191,서울특별시 성동구 성수2가1동,3
4192,서울특별시 성동구 성수2가1동,3
4193,서울특별시 성동구 성수2가1동,3
4194,서울특별시 성동구 성수2가1동,3
4195,서울특별시 성동구 성수2가1동,3
4196,서울특별시 성동구 성수2가1동,3
4197,서울특별시 성동구 성수2가1동,3
4198,서울특별시 성동구 성수2가1동,3
4199,서울특별시 성동구 성수2가1동,4
4200,서울특별시 성동구 성수2가1동,4
4201,서울특별시 성동구 성수2가1동,4
4202,서울특별시 성동구 성수2가1동,4
4203,서울특별시 성동구 성수2가1동,1
4204,서울특별시 성동구 성수2가1동,1
4205,서울특별시 성동구 성수2가1동,1
4206,서울특별시 성동구 성수2가1동,1
4207,서울특별시 성동구 성수2가3동,2
4208,서울특별시 성동구 성수2가3동,2
4209,서울특별시 성동구 성수2가3동,3
4210,서울특별시 성동구 성수2가3동,4
4211,서울특별시 성동구 송정동,4
4212,서울특별시 성동구 성수2가3동,4
4213,서울특별시 성동구 송정동,4
4214,서울특별시 성동구 송정동,2
4215,서울특별시 성동구 송정동,2
4216,서울특별시 성동구 송정동,2
4217,서울특별시 성동구 용답동,3
4218,서울특별시 성동구 용답동,1
4221,서울특별시 성동구 용답동,1
4222,서울특별시 성동구 성수1가1동,4
4223,서울특별시 성동구 성수1가1동,5
4226,서울특별시 성동구 사근동,1
4227,서울특별시 성동구 사근동,1
4228,서울특별시 성동구 사근동,1
4229,서울특별시 성동구 사근동,1
4230,서울특별시 성동구 사근동,1
4231,서울특별시 성동구 사근동,1
4232,서울특별시 성동구 사근동,1
4233,서울특별시 성동구 사근동,1
4234,서울특별시 성동구 사근동,1
4236,서울특별시 성동구 성수1가2동,4
4237,서울특별시 성동구 성수1가2동,4
4238,서울특별시 성동구 성수1가2동,4
4239,서울특별시 성동구 성수1가2동,4
4240,서울특별시 성동구 성수2가3동,4
4241,서울특별시 성동구 성수2가3동,1
4242,서울특별시 성동구 성수1가2동,2
4243,서울특별시 성동구 성수1가1동,2
4244,서울특별시 성동구 성수1가1동,2
4245,서울특별시 성동구 성수1가1동,2
4246,서울특별시 성동구 성수1가1동,2
4247,서울특별시 성동구 사근동,1
4252,서울특별시 성동구 왕십리도선동,2
4253,서울특별시 성동구 성수2가3동,2
4254,서울특별시 성동구 성수1가2동,4
4255,서울특별시 성동구 성수1가2동,4
4256,서울특별시 성동구 성수2가3동,2
4257,서울특별시 성동구 성수2가3동,2
4258,서울특별시 성동구 사근동,1
4259,서울특별시 성동구 사근동,1
4261,서울특별시 성동구 왕십리도선동,3
4263,서울특별시 성동구 마장동,2
4264,서울특별시 성동구 성수1가1동,1
4265,서울특별시 성동구 성수1가1동,1
4266,서울특별시 성동구 성수1가1동,1
4267,서울특별시 성동구 용답동,1
4268,서울특별시 성동구 용답동,1
4269,서울특별시 성동구 송정동,4
4270,서울특별시 성동구 옥수동,3
4271,서울특별시 성동구 마장동,3
4272,서울특별시 성동구 행당2동,6
4273,서울특별시 성동구 왕십리도선동,1
4275,서울특별시 성동구 왕십리2동,1
4276,서울특별시 성동구 왕십리2동,1
4277,서울특별시 성동구 행당2동,1
4278,서울특별시 성동구 행당2동,1
4279,서울특별시 성동구 행당2동,1
4280,서울특별시 성동구 행당2동,1
4281,서울특별시 성동구 행당1동,1
4282,서울특별시 성동구 옥수동,2
4286,서울특별시 성동구 성수2가1동,3
4288,서울특별시 성동구 성수2가1동,1
4289,서울특별시 성동구 왕십리2동,1
4290,서울특별시 성동구 왕십리2동,1
4291,서울특별시 성동구 성수2가1동,1
4293,서울특별시 성동구 성수2가3동,4
4294,서울특별시 성동구 행당1동,1
4295,서울특별시 성동구 왕십리도선동,2
4296,서울특별시 성동구 왕십리도선동,1
4297,서울특별시 성동구 왕십리도선동,1
4298,서울특별시 성동구 마장동,1
4301,서울특별시 성동구 행당1동,1
4302,서울특별시 성동구 행당1동,1
4303,서울특별시 성동구 사근동,1
4304,서울특별시 성동구 왕십리도선동,1
4305,서울특별시 성동구 사근동,1
4500,서울특별시 성동구 송정동,1
4501,서울특별시 성동구 옥수동,1
4502,서울특별시 성동구 금호4가동,1
4503,서울특별시 성동구 금호2.3가동,1
4504,서울특별시 성동구 금호1가동,1
4505,서울특별시 성동구 옥수동,3
4506,서울특별시 성동구 송정동,1
4507,서울특별시 성동구 금호4가동,1
4508,서울특별시 성동구 금호2.3가동,1
4509,서울특별시 성동구 금호1가동,1
4510,서울특별시 성동구 행당1동,5
4511,서울특별시 성동구 금호4가동,1
4512,서울특별시 성동구 송정동,1
4513,서울특별시 성동구 금호4가동,1
4514,서울특별시 성동구 금호2.3가동,1
4515,서울특별시 성동구 금호1가동,1
4516,서울특별시 성동구 행당2동,2
4517,서울특별시 성동구 금호4가동,1
4518,서울특별시 성동구 송정동,1
4519,서울특별시 성동구 옥수동,1
4520,서울특별시 성동구 금호4가동,1
4521,서울특별시 성동구 금호2.3가동,2
4522,서울특별시 성동구 금호2.3가동,1
4523,서울특별시 성동구 행당2동,2
4524,서울특별시 성동구 행당2동,1
4525,서울특별시 성동구 금호1가동,1
4526,서울특별시 성동구 송정동,1
4527,서울특별시 성동구 옥수동,1
4528,서울특별시 성동구 금호4가동,1
4529,서울특별시 성동구 금호2.3가동,1
4530,서울특별시 성동구 행당2동,1
4531,서울특별시 성동구 행당2동,1
4532,서울특별시 성동구 금호1가동,1
4533,서울특별시 성동구 송정동,1
4535,서울특별시 성동구 금호4가동,1
4536,서울특별시 성동구 금호2.3가동,1
4537,서울특별시 성동구 행당2동,1
4538,서울특별시 성동구 행당2동,1
4539,서울특별시 성동구 금호1가동,1
4540,서울특별시 성동구 성수2가3동,1
4541,서울특별시 성동구 옥수동,2
4542,서울특별시 성동구 응봉동,1
4543,서울특별시 성동구 금호2.3가동,2
4544,서울특별시 성동구 행당2동,1
4545,서울특별시 성동구 응봉동,1
4546,서울특별시 성동구 금호1가동,1
4547,서울특별시 성동구 성수2가3동,1
4548,서울특별시 성동구 옥수동,2
4549,서울특별시 성동구 응봉동,1
4550,서울특별시 성동구 금호2.3가동,1
4551,서울특별시 성동구 금호2.3가동,1
4552,서울특별시 성동구 행당2동,1
4553,서울특별시 성동구 응봉동,1
4554,서울특별시 성동구 금호1가동,1
4555,서울특별시 성동구 성수2가3동,1
4556,서울특별시 성동구 응봉동,1
4557,서울특별시 성동구 금호2.3가동,1
4558,서울특별시 성동구 행당1동,2
4559,서울특별시 성동구 응봉동,1
4560,서울특별시 성동구 행당2동,1
4561,서울특별시 성동구 성수2가3동,1
4562,서울특별시 성동구 옥수동,2
4563,서울특별시 성동구 응봉동,1
4564,서울특별시 성동구 금호4가동,1
4565,서울특별시 성동구 금호2.3가동,1
4566,서울특별시 성동구 금호2.3가동,1
4567,서울특별시 성동구 응봉동,1
4568,서울특별시 성동구 왕십리2동,1
4569,서울특별시 성동구 성수2가3동,1
4570,서울특별시 성동구 옥수동,2
4571,서울특별시 성동구 응봉동,1
4572,서울특별시 성동구 금호4가동,1
4573,서울특별시 성동구 금호2.3가동,1
4574,서울특별시 성동구 행당1동,1
4575,서울특별시 성동구 금호1가동,1
4576,서울특별시 성동구 왕십리2동,1
4577,서울특별시 성동구 성수2가3동,1
4578,서울특별시 성동구 옥수동,2
4579,서울특별시 성동구 행당1동,2
4581,서울특별시 성동구 마장동,1
4582,서울특별시 성동구 행당2동,1
4583,서울특별시 성동구 옥수동,1
4584,서울특별시 성동구 행당1동,2
4585,서울특별시 성동구 마장동,1
4586,서울특별시 성동구 행당2동,1
4587,서울특별시 성동구 옥수동,1
4588,서울특별시 성동구 왕십리도선동,1
4589,서울특별시 성동구 행당2동,2
4590,서울특별시 성동구 왕십리도선동,2
4591,서울특별시 성동구 금호1가동,1
4593,서울특별시 성동구 왕십리도선동,1
4594,서울특별시 성동구 금호2.3가동,1
4595,서울특별시 성동구 마장동,2
4596,서울특별시 성동구 금호1가동,2
4597,서울특별시 성동구 송정동,1
4598,서울특별시 성동구 왕십리도선동,1
4599,서울특별시 성동구 금호2.3가동,1
4600,서울특별시 성동구 마장동,2
4602,서울특별시 성동구 금호1가동,1
4603,서울특별시 성동구 왕십리2동,1
4615,서울특별시 성동구 송정동,1
4643,서울특별시 성동구 성수2가1동,1
4648,서울특별시 성동구 금호2.3가동,1
4650,서울특별시 성동구 마장동,2
4651,서울특별시 성동구 금호1가동,1
4658,서울특별시 성동구 왕십리2동,1
4659,서울특별시 성동구 송정동,1
4667,서울특별시 성동구 금호2.3가동,1
4668,서울특별시 성동구 마장동,2
4669,서울특별시 성동구 금호1가동,1
4670,서울특별시 성동구 송정동,1
4671,서울특별시 성동구 왕십리도선동,2
4672,서울특별시 성동구 금호1가동,1
4674,서울특별시 성동구 금호2.3가동,1
4675,서울특별시 성동구 금호2.3가동,1
4676,서울특별시 성동구 금호2.3가동,1
4677,서울특별시 성동구 금호1가동,1
4678,서울특별시 성동구 금호2.3가동,1
4679,서울특별시 성동구 행당1동,1
4680,서울특별시 성동구 금호1가동,1
4683,서울특별시 성동구 금호2.3가동,1
4684,서울특별시 성동구 금호2.3가동,1
4685,서울특별시 성동구 행당2동,1
4686,서울특별시 성동구 금호1가동,1
4690,서울특별시 성동구 금호2.3가동,1
4691,서울특별시 성동구 금호2.3가동,1
4696,서울특별시 성동구 응봉동,1
4697,서울특별시 성동구 금호4가동,1
4698,서울특별시 성동구 행당2동,1
4699,서울특별시 성동구 응봉동,1
4700,서울특별시 성동구 금호4가동,1
4701,서울특별시 성동구 응봉동,2
4702,서울특별시 성동구 응봉동,1
4706,서울특별시 성동구 금호4가동,1
4721,서울특별시 성동구 행당2동,1
4722,서울특별시 성동구 행당1동,1
4723,서울특별시 성동구 행당2동,1
4724,서울특별시 성동구 행당1동,1
4739,서울특별시 성동구 응봉동,1
4740,서울특별시 성동구 응봉동,1
4741,서울특별시 성동구 금호2.3가동,1
4742,서울특별시 성동구 응봉동,1
4743,서울특별시 성동구 행당2동,1
4744,서울특별시 성동구 응봉동,1
4745,서울특별시 성동구 행당2동,1
4746,서울특별시 성동구 응봉동,1
4748,서울특별시 성동구 행당2동,1
4749,서울특별시 성동구 금호1가동,1
4750,서울특별시 성동구 금호2.3가동,1
4751,서울특별시 성동구 금호2.3가동,1
4753,서울특별시 성동구 행당1동,3
4754,서울특별시 성동구 금호2.3가동,1
4755,서울특별시 성동구 옥수동,1
4756,서울특별시 성동구 금호2.3가동,1
4757,서울특별시 성동구 금호2.3가동,1
4758,서울특별시 성동구 옥수동,1
4759,서울특별시 성동구 옥수동,1
4760,서울특별시 성동구 금호2.3가동,1
4761,서울특별시 성동구 금호2.3가동,1
4762,서울특별시 성동구 금호2.3가동,3
4763,서울특별시 성동구 금호2.3가동,1
4764,서울특별시 성동구 금호2.3가동,1
4765,서울특별시 성동구 금호4가동,2
4766,서울특별시 성동구 금호4가동,1
4767,서울특별시 성동구 금호2.3가동,1
4770,서울특별시 성동구 금호1가동,1
4771,서울특별시 성동구 금호1가동,1
4772,서울특별시 성동구 금호1가동,1
4773,서울특별시 성동구 금호1가동,1
4774,서울특별시 성동구 금호1가동,1
4775,서울특별시 성동구 금호1가동,1
4776,서울특별시 성동구 금호4가동,1
4780,서울특별시 성동구 행당2동,1
4781,서울특별시 성동구 행당1동,1
4782,서울특별시 성동구 옥수동,1
4783,서울특별시 성동구 옥수동,1
4784,서울특별시 성동구 옥수동,1
4785,서울특별시 성동구 옥수동,1
4786,서울특별시 성동구 금호4가동,1
4787,서울특별시 성동구 금호4가동,1
4788,서울특별시 성동구 금호4가동,1
4789,서울특별시 성동구 금호2.3가동,1
4790,서울특별시 성동구 금호4가동,1
4791,서울특별시 성동구 금호1가동,1
4792,서울특별시 성동구 응봉동,1
4793,서울특별시 성동구 응봉동,1
4794,서울특별시 성동구 응봉동,1
4795,서울특별시 성동구 응봉동,1
4796,서울특별시 성동구 금호1가동,1
4797,서울특별시 성동구 옥수동,1
4798,서울특별시 성동구 옥수동,1
4799,서울특별시 성동구 옥수동,1
4800,서울특별시 성동구 옥수동,1
4801,서울특별시 성동구 옥수동,1
4802,서울특별시 성동구 옥수동,1
4803,서울특별시 성동구 옥수동,1
4804,서울특별시 성동구 옥수동,1
4805,서울특별시 성동구 옥수동,1
4806,서울특별시 성동구 옥수동,1
4807,서울특별시 성동구 마장동,1
4808,서울특별시 성동구 마장동,1
4809,서울특별시 성동구 행당1동,1
4810,서울특별시 성동구 행당1동,1
4811,서울특별시 성동구 금호1가동,1
4812,서울특별시 성동구 금호2.3가동,1
4813,서울특별시 성동구 금호2.3가동,1
4814,서울특별시 성동구 금호2.3가동,1
4815,서울특별시 성동구 금호1가동,1
4816,서울특별시 성동구 금호1가동,1
4817,서울특별시 성동구 금호1가동,1
4818,서울특별시 성동구 금호1가동,1
4819,서울특별시 성동구 금호1가동,1
4820,서울특별시 성동구 금호1가동,1
4821,서울특별시 성동구 응봉동,1
4822,서울특별시 성동구 행당1동,1
4823,서울특별시 성동구 행당1동,1
4824,서울특별시 성동구 마장동,1
4825,서울특별시 성동구 마장동,1
4826,서울특별시 성동구 마장동,1
4827,서울특별시 성동구 금호1가동,1
4828,서울특별시 성동구 금호1가동,1
5001,서울특별시 광진구 중곡1동,9
5002,서울특별시 광진구 군자동,9
5003,서울특별시 광진구 중곡2동,8
5004,서울특별시 광진구 능동,8
5005,서울특별시 광진구 중곡2동,8
5006,서울특별시 광진구 구의2동,7
5007,서울특별시 광진구 능동,9
5101,서울특별시 광진구 중곡1동,2
5102,서울특별시 광진구 중곡1동,2
5103,서울특별시 광진구 중곡1동,3
5104,서울특별시 광진구 중곡1동,4
5105,서울특별시 광진구 중곡1동,4
5106,서울특별시 광진구 중곡1동,3
5107,서울특별시 광진구 중곡1동,4
5108,서울특별시 광진구 중곡1동,3
5109,서울특별시 광진구 중곡3동,3
5111,서울특별시 광진구 중곡1동,2
5112,서울특별시 광진구 중곡1동,3
5113,서울특별시 광진구 중곡2동,2
5114,서울특별시 광진구 중곡2동,3
5115,서울특별시 광진구 중곡2동,3
5116,서울특별시 광진구 중곡2동,3
5117,서울특별시 광진구 중곡2동,1
5118,서울특별시 광진구 중곡2동,2
5119,서울특별시 광진구 중곡2동,1
5120,서울특별시 광진구 중곡3동,4
5121,서울특별시 광진구 중곡3동,3
5122,서울특별시 광진구 중곡3동,3
5123,서울특별시 광진구 중곡1동,3
5124,서울특별시 광진구 중곡3동,5
5125,서울특별시 광진구 중곡3동,3
5126,서울특별시 광진구 중곡3동,5
5127,서울특별시 광진구 중곡3동,3
5128,서울특별시 광진구 중곡3동,5
5129,서울특별시 광진구 중곡3동,5
5130,서울특별시 광진구 중곡3동,3
5131,서울특별시 광진구 중곡3동,3
5132,서울특별시 광진구 중곡3동,3
5133,서울특별시 광진구 중곡3동,3
5134,서울특별시 광진구 중곡3동,3
5135,서울특별시 광진구 중곡4동,2
5136,서울특별시 광진구 중곡4동,2
5137,서울특별시 광진구 중곡4동,2
5138,서울특별시 광진구 중곡4동,2
5139,서울특별시 광진구 중곡4동,3
5140,서울특별시 광진구 능동,5
5141,서울특별시 광진구 능동,5
5142,서울특별시 광진구 능동,2
5143,서울특별시 광진구 능동,2
5144,서울특별시 광진구 구의1동,2
5145,서울특별시 광진구 구의1동,8
5146,서울특별시 광진구 구의1동,5
5147,서울특별시 광진구 구의1동,3
5148,서울특별시 광진구 구의1동,10
5149,서울특별시 광진구 구의1동,1
5150,서울특별시 광진구 구의1동,1
5151,서울특별시 광진구 구의2동,5
5152,서울특별시 광진구 구의2동,5
5153,서울특별시 광진구 구의2동,5
5154,서울특별시 광진구 구의2동,5
5155,서울특별시 광진구 구의2동,1
5157,서울특별시 광진구 구의3동,3
5158,서울특별시 광진구 구의3동,3
5161,서울특별시 광진구 구의3동,1
5162,서울특별시 광진구 구의3동,1
5163,서울특별시 광진구 구의3동,1
5164,서울특별시 광진구 구의3동,1
5165,서울특별시 광진구 광장동,1
5170,서울특별시 광진구 광장동,3
5171,서울특별시 광진구 광장동,3
5175,서울특별시 광진구 자양1동,10
5176,서울특별시 광진구 자양1동,2
5177,서울특별시 광진구 자양1동,2
5178,서울특별시 광진구 자양1동,2
5179,서울특별시 광진구 자양1동,2
5180,서울특별시 광진구 화양동,3
5183,서울특별시 광진구 자양1동,4
5185,서울특별시 광진구 자양1동,4
5187,서울특별시 광진구 자양1동,3
5188,서울특별시 광진구 자양1동,7
5189,서울특별시 광진구 자양2동,4
5190,서울특별시 광진구 자양2동,4
5191,서울특별시 광진구 자양2동,4
5193,서울특별시 광진구 자양2동,4
5194,서울특별시 광진구 자양2동,6
5199,서울특별시 광진구 자양2동,3
5200,서울특별시 광진구 자양4동,4
5201,서울특별시 광진구 자양3동,3
5202,서울특별시 광진구 자양3동,2
5203,서울특별시 광진구 자양3동,5
5204,서울특별시 광진구 자양3동,5
5205,서울특별시 광진구 자양3동,3
5209,서울특별시 광진구 자양3동,4
5210,서울특별시 광진구 자양3동,3
5211,서울특별시 광진구 자양3동,3
5212,서울특별시 광진구 자양3동,3
5213,서울특별시 광진구 자양3동,3
5214,서울특별시 광진구 자양4동,5
5215,서울특별시 광진구 자양4동,4
5216,서울특별시 광진구 자양4동,4
5217,서울특별시 광진구 자양4동,5
5218,서울특별시 광진구 자양4동,5
5219,서울특별시 광진구 자양4동,4
5220,서울특별시 광진구 자양4동,6
5221,서울특별시 광진구 자양4동,4
5222,서울특별시 광진구 자양3동,1
5223,서울특별시 광진구 자양4동,1
5224,서울특별시 광진구 화양동,1
5225,서울특별시 광진구 화양동,1
5226,서울특별시 광진구 화양동,5
5227,서울특별시 광진구 화양동,8
5228,서울특별시 광진구 화양동,8
5229,서울특별시 광진구 화양동,7
5230,서울특별시 광진구 화양동,4
5231,서울특별시 광진구 화양동,2
5232,서울특별시 광진구 화양동,9
5233,서울특별시 광진구 화양동,2
5234,서울특별시 광진구 화양동,9
5235,서울특별시 광진구 군자동,2
5236,서울특별시 광진구 군자동,2
5237,서울특별시 광진구 군자동,1
5238,서울특별시 광진구 군자동,3
5239,서울특별시 광진구 군자동,4
5240,서울특별시 광진구 군자동,4
5241,서울특별시 광진구 군자동,3
5242,서울특별시 광진구 군자동,4
5243,서울특별시 광진구 군자동,4
5244,서울특별시 광진구 군자동,4
5245,서울특별시 광진구 군자동,4
5246,서울특별시 광진구 군자동,4
5247,서울특별시 광진구 군자동,4
5248,서울특별시 광진구 군자동,4
5250,서울특별시 광진구 군자동,6
5251,서울특별시 광진구 군자동,5
5252,서울특별시 광진구 군자동,5
5253,서울특별시 광진구 군자동,5
5254,서울특별시 광진구 군자동,1
5255,서울특별시 광진구 군자동,1
5256,서울특별시 광진구 구의2동,3
5257,서울특별시 광진구 구의2동,3
5258,서울특별시 광진구 구의2동,1
5260,서울특별시 광진구 중곡2동,2
5261,서울특별시 광진구 자양3동,2
5262,서울특별시 광진구 중곡1동,1
5263,서울특별시 광진구 화양동,1
5264,서울특별시 광진구 자양4동,1
5267,서울특별시 광진구 구의3동,2
5268,서울특별시 광진구 중곡1동,1
5269,서울특별시 광진구 중곡3동,1
5270,서울특별시 광진구 중곡3동,1
5271,서울특별시 광진구 중곡3동,1
5500,서울특별시 광진구 중곡4동,1
5501,서울특별시 광진구 중곡3동,1
5502,서울특별시 광진구 중곡3동,1
5503,서울특별시 광진구 중곡4동,1
5504,서울특별시 광진구 광장동,1
5505,서울특별시 광진구 중곡4동,1
5506,서울특별시 광진구 중곡4동,1
5507,서울특별시 광진구 중곡3동,1
5508,서울특별시 광진구 중곡4동,1
5509,서울특별시 광진구 광장동,1
5510,서울특별시 광진구 중곡4동,1
5511,서울특별시 광진구 중곡3동,1
5512,서울특별시 광진구 중곡2동,1
5513,서울특별시 광진구 중곡4동,1
5514,서울특별시 광진구 광장동,1
5517,서울특별시 광진구 중곡4동,1
5518,서울특별시 광진구 중곡4동,1
5519,서울특별시 광진구 광장동,1
5522,서울특별시 광진구 중곡4동,1
5523,서울특별시 광진구 중곡4동,1
5524,서울특별시 광진구 광장동,2
5527,서울특별시 광진구 중곡4동,1
5528,서울특별시 광진구 광장동,1
5531,서울특별시 광진구 중곡4동,1
5532,서울특별시 광진구 중곡2동,1
5533,서울특별시 광진구 광장동,1
5535,서울특별시 광진구 중곡1동,1
5536,서울특별시 광진구 중곡4동,1
5537,서울특별시 광진구 중곡2동,1
5538,서울특별시 광진구 구의3동,1
5539,서울특별시 광진구 자양3동,1
5540,서울특별시 광진구 중곡2동,2
5541,서울특별시 광진구 구의2동,1
5542,서울특별시 광진구 중곡2동,1
5543,서울특별시 광진구 구의3동,2
5544,서울특별시 광진구 자양3동,1
5545,서울특별시 광진구 구의2동,1
5546,서울특별시 광진구 중곡2동,1
5547,서울특별시 광진구 구의3동,3
5549,서울특별시 광진구 구의2동,1
5550,서울특별시 광진구 구의3동,1
5551,서울특별시 광진구 자양2동,1
5553,서울특별시 광진구 구의2동,1
5554,서울특별시 광진구 중곡2동,2
5555,서울특별시 광진구 구의3동,1
5556,서울특별시 광진구 화양동,1
5558,서울특별시 광진구 구의2동,2
5559,서울특별시 광진구 중곡4동,1
5560,서울특별시 광진구 구의3동,1
5561,서울특별시 광진구 화양동,1
5562,서울특별시 광진구 자양2동,1
5563,서울특별시 광진구 구의2동,2
5564,서울특별시 광진구 중곡4동,1
5565,서울특별시 광진구 구의3동,1
5566,서울특별시 광진구 화양동,1
5568,서울특별시 광진구 구의2동,2
5569,서울특별시 광진구 중곡4동,1
5570,서울특별시 광진구 구의3동,1
5571,서울특별시 광진구 화양동,1
5572,서울특별시 광진구 자양2동,1
5573,서울특별시 광진구 구의1동,2
5574,서울특별시 광진구 중곡4동,1
5576,서울특별시 광진구 자양2동,1
5578,서울특별시 광진구 광장동,1
5579,서울특별시 광진구 구의3동,1
5580,서울특별시 광진구 자양2동,2
5581,서울특별시 광진구 광장동,1
5582,서울특별시 광진구 구의3동,1
5584,서울특별시 광진구 광장동,1
5585,서울특별시 광진구 구의3동,1
5587,서울특별시 광진구 광장동,1
5588,서울특별시 광진구 자양2동,1
5589,서울특별시 광진구 자양2동,1
5590,서울특별시 광진구 구의1동,2
5591,서울특별시 광진구 광장동,1
5594,서울특별시 광진구 구의1동,2
5595,서울특별시 광진구 광장동,1
5596,서울특별시 광진구 자양1동,1
5597,서울특별시 광진구 광장동,1
5599,서울특별시 광진구 구의1동,2
5600,서울특별시 광진구 광장동,1
5665,서울특별시 광진구 자양4동,1
5666,서울특별시 광진구 자양4동,1
5667,서울특별시 광진구 자양4동,1
5668,서울특별시 광진구 자양1동,1
5669,서울특별시 광진구 구의2동,2
5670,서울특별시 광진구 광장동,1
5672,서울특별시 광진구 구의2동,2
5673,서울특별시 광진구 광장동,1
5677,서울특별시 광진구 자양1동,1
5678,서울특별시 광진구 구의2동,2
5679,서울특별시 광진구 구의1동,1
5680,서울특별시 광진구 자양1동,1
5687,서울특별시 광진구 중곡3동,1
5690,서울특별시 광진구 중곡1동,1
5694,서울특별시 광진구 자양4동,1
5695,서울특별시 광진구 자양3동,1
5696,서울특별시 광진구 화양동,1
5697,서울특별시 광진구 화양동,1
5698,서울특별시 광진구 군자동,1
5699,서울특별시 광진구 능동,1
5700,서울특별시 광진구 군자동,1
5701,서울특별시 광진구 능동,1
5708,서울특별시 광진구 구의2동,1
5709,서울특별시 광진구 구의2동,1
5710,서울특별시 광진구 구의1동,1
5713,서울특별시 광진구 구의2동,1
5714,서울특별시 광진구 구의1동,1
5716,서울특별시 광진구 중곡4동,1
5717,서울특별시 광진구 구의2동,1
5718,서울특별시 광진구 구의1동,1
5720,서울특별시 광진구 구의2동,1
5721,서울특별시 광진구 구의3동,1
5723,서울특별시 광진구 중곡4동,1
5724,서울특별시 광진구 구의3동,1
5726,서울특별시 광진구 중곡1동,1
5727,서울특별시 광진구 중곡4동,1
5728,서울특별시 광진구 광장동,1
5730,서울특별시 광진구 중곡1동,1
5731,서울특별시 광진구 중곡4동,1
5732,서울특별시 광진구 광장동,1
5733,서울특별시 광진구 자양3동,1
5735,서울특별시 광진구 중곡4동,1
5736,서울특별시 광진구 광장동,1
5737,서울특별시 광진구 중곡4동,1
5738,서울특별시 광진구 광장동,1
5739,서울특별시 광진구 중곡4동,1
5740,서울특별시 광진구 광장동,1
5741,서울특별시 광진구 중곡4동,1
5742,서울특별시 광진구 광장동,1
5744,서울특별시 광진구 광장동,1
5745,서울특별시 광진구 광장동,1
5746,서울특별시 광진구 중곡2동,2
5750,서울특별시 광진구 중곡2동,1
5751,서울특별시 광진구 중곡2동,1
5752,서울특별시 광진구 구의2동,1
5753,서울특별시 광진구 광장동,1
5760,서울특별시 광진구 광장동,1
5761,서울특별시 광진구 구의3동,1
5991,서울특별시 광진구 중곡2동,1
5992,서울특별시 광진구 광장동,1
5993,서울특별시 광진구 광장동,1
6001,서울특별시 동대문구 답십리1동,6
6002,서울특별시 동대문구 장안1동,9
6003,서울특별시 동대문구 장안1동,9
6004,서울특별시 성동구 용답동,6
6005,서울특별시 동대문구 답십리1동,6
6006,서울특별시 동대문구 용신동,7
6007,서울특별시 동대문구 용신동,6
6008,서울특별시 동대문구 용신동,8
6009,서울특별시 동대문구 휘경1동,14
6010,서울특별시 동대문구 휘경2동,14
6011,서울특별시 동대문구 휘경1동,14
6012,서울특별시 동대문구 휘경2동,14
6013,서울특별시 동대문구 휘경1동,14
6014,서울특별시 동대문구 청량리동,18
6015,서울특별시 동대문구 청량리동,19
6016,서울특별시 동대문구 전농1동,6
6017,서울특별시 동대문구 용신동,6
6018,서울특별시 동대문구 전농1동,8
6019,서울특별시 동대문구 전농1동,11
6020,서울특별시 동대문구 청량리동,6
6021,서울특별시 동대문구 청량리동,19
6022,서울특별시 동대문구 제기동,18
6023,서울특별시 동대문구 용신동,19
6024,서울특별시 동대문구 제기동,18
6025,서울특별시 동대문구 용신동,16
6026,서울특별시 동대문구 용신동,14
6027,서울특별시 동대문구 용신동,14
6028,서울특별시 동대문구 용신동,12
6101,서울특별시 동대문구 용신동,4
6102,서울특별시 동대문구 용신동,3
6103,서울특별시 동대문구 용신동,2
6104,서울특별시 동대문구 용신동,1
6105,서울특별시 동대문구 제기동,1
6106,서울특별시 동대문구 용신동,1
6112,서울특별시 동대문구 전농1동,1
6113,서울특별시 동대문구 청량리동,7
6114,서울특별시 동대문구 전농1동,25
6117,서울특별시 동대문구 휘경2동,13
6118,서울특별시 동대문구 휘경1동,2
6121,서울특별시 동대문구 휘경2동,2
6122,서울특별시 동대문구 회기동,6
6123,서울특별시 동대문구 휘경1동,6
6124,서울특별시 동대문구 이문1동,6
6125,서울특별시 동대문구 이문1동,6
6126,서울특별시 동대문구 이문1동,6
6127,서울특별시 동대문구 이문1동,6
6128,서울특별시 동대문구 이문1동,5
6129,서울특별시 동대문구 이문1동,5
6130,서울특별시 동대문구 이문2동,5
6131,서울특별시 동대문구 이문2동,5
6132,서울특별시 동대문구 이문1동,3
6133,서울특별시 동대문구 이문2동,3
6134,서울특별시 동대문구 휘경1동,3
6135,서울특별시 동대문구 이문1동,2
6136,서울특별시 동대문구 휘경2동,4
6137,서울특별시 동대문구 휘경2동,3
6140,서울특별시 동대문구 휘경2동,3
6141,서울특별시 동대문구 휘경2동,5
6142,서울특별시 동대문구 전농2동,4
6143,서울특별시 동대문구 장안2동,6
6144,서울특별시 동대문구 장안2동,7
6145,서울특별시 동대문구 장안2동,3
6146,서울특별시 동대문구 장안2동,3
6147,서울특별시 동대문구 답십리2동,3
6148,서울특별시 동대문구 장안2동,3
6149,서울특별시 동대문구 장안1동,2
6150,서울특별시 동대문구 답십리2동,4
6151,서울특별시 동대문구 장안1동,2
6152,서울특별시 동대문구 장안1동,4
6153,서울특별시 동대문구 답십리2동,4
6154,서울특별시 동대문구 장안1동,4
6155,서울특별시 동대문구 장안1동,4
6156,서울특별시 동대문구 장안1동,2
6157,서울특별시 동대문구 답십리2동,2
6158,서울특별시 동대문구 답십리1동,2
6159,서울특별시 동대문구 답십리1동,5
6160,서울특별시 동대문구 용신동,3
6161,서울특별시 동대문구 용신동,5
6162,서울특별시 동대문구 용신동,6
6163,서울특별시 동대문구 용신동,5
6164,서울특별시 동대문구 용신동,6
6165,서울특별시 동대문구 용신동,3
6166,서울특별시 동대문구 용신동,6
6167,서울특별시 동대문구 제기동,6
6168,서울특별시 동대문구 제기동,9
6169,서울특별시 동대문구 제기동,7
6170,서울특별시 동대문구 제기동,6
6171,서울특별시 동대문구 제기동,9
6172,서울특별시 동대문구 제기동,6
6173,서울특별시 동대문구 제기동,6
6174,서울특별시 동대문구 제기동,8
6175,서울특별시 동대문구 제기동,9
6176,서울특별시 동대문구 제기동,6
6177,서울특별시 동대문구 제기동,5
6178,서울특별시 동대문구 용신동,5
6179,서울특별시 동대문구 용신동,2
6180,서울특별시 동대문구 용신동,2
6181,서울특별시 동대문구 용신동,3
6182,서울특별시 동대문구 용신동,6
6183,서울특별시 동대문구 용신동,5
6184,서울특별시 동대문구 용신동,4
6185,서울특별시 동대문구 용신동,4
6186,서울특별시 동대문구 전농1동,7
6187,서울특별시 동대문구 전농1동,9
6188,서울특별시 동대문구 전농2동,6
6189,서울특별시 동대문구 전농1동,8
6190,서울특별시 동대문구 전농2동,6
6191,서울특별시 동대문구 전농1동,8
6192,서울특별시 동대문구 전농1동,7
6193,서울특별시 동대문구 전농2동,5
6194,서울특별시 동대문구 답십리2동,5
6195,서울특별시 동대문구 답십리1동,7
6196,서울특별시 동대문구 답십리2동,4
6197,서울특별시 동대문구 답십리1동,3
6198,서울특별시 동대문구 답십리2동,4
6199,서울특별시 동대문구 답십리1동,3
6200,서울특별시 동대문구 답십리1동,3
6201,서울특별시 동대문구 답십리1동,3
6202,서울특별시 동대문구 답십리1동,3
6203,서울특별시 동대문구 답십리1동,3
6204,서울특별시 동대문구 전농1동,6
6205,서울특별시 동대문구 전농1동,6
6206,서울특별시 동대문구 전농1동,6
6207,서울특별시 동대문구 전농1동,6
6208,서울특별시 동대문구 전농2동,4
6209,서울특별시 동대문구 전농2동,4
6210,서울특별시 동대문구 전농2동,4
6211,서울특별시 동대문구 전농2동,4
6212,서울특별시 동대문구 장안2동,8
6213,서울특별시 동대문구 장안2동,5
6214,서울특별시 동대문구 장안2동,5
6215,서울특별시 동대문구 장안2동,4
6216,서울특별시 동대문구 전농1동,4
6217,서울특별시 동대문구 용신동,3
6218,서울특별시 동대문구 전농1동,4
6219,서울특별시 동대문구 전농1동,3
6220,서울특별시 동대문구 답십리1동,4
6221,서울특별시 동대문구 답십리1동,3
6222,서울특별시 동대문구 답십리1동,1
6223,서울특별시 동대문구 답십리1동,2
6224,서울특별시 동대문구 답십리1동,1
6225,서울특별시 동대문구 답십리2동,5
6226,서울특별시 동대문구 답십리2동,3
6227,서울특별시 동대문구 답십리2동,5
6228,서울특별시 동대문구 답십리2동,3
6229,서울특별시 동대문구 답십리2동,5
6230,서울특별시 동대문구 답십리2동,4
6231,서울특별시 동대문구 답십리2동,3
6232,서울특별시 동대문구 장안1동,3
6233,서울특별시 동대문구 장안2동,3
6234,서울특별시 동대문구 장안2동,3
6235,서울특별시 동대문구 장안2동,3
6236,서울특별시 동대문구 장안2동,4
6237,서울특별시 동대문구 장안2동,1
6238,서울특별시 동대문구 장안2동,3
6239,서울특별시 동대문구 장안2동,1
6240,서울특별시 동대문구 장안2동,3
6241,서울특별시 동대문구 장안2동,1
6242,서울특별시 동대문구 장안2동,3
6243,서울특별시 동대문구 장안2동,5
6244,서울특별시 동대문구 장안1동,2
6245,서울특별시 동대문구 장안2동,5
6246,서울특별시 동대문구 장안1동,2
6247,서울특별시 동대문구 장안2동,5
6248,서울특별시 동대문구 장안1동,2
6249,서울특별시 동대문구 장안1동,6
6250,서울특별시 동대문구 장안1동,4
6251,서울특별시 동대문구 장안1동,2
6252,서울특별시 동대문구 장안1동,4
6253,서울특별시 동대문구 이문2동,4
6254,서울특별시 동대문구 이문2동,4
6255,서울특별시 동대문구 이문2동,3
6256,서울특별시 동대문구 휘경2동,2
6257,서울특별시 동대문구 휘경2동,2
6258,서울특별시 동대문구 장안2동,2
6259,서울특별시 동대문구 장안2동,2
6260,서울특별시 동대문구 장안2동,2
6261,서울특별시 동대문구 장안2동,1
6262,서울특별시 동대문구 장안1동,3
6263,서울특별시 동대문구 장안1동,4
6264,서울특별시 동대문구 장안1동,1
6265,서울특별시 동대문구 장안1동,3
6266,서울특별시 동대문구 장안2동,1
6267,서울특별시 동대문구 장안1동,1
6268,서울특별시 동대문구 장안1동,1
6269,서울특별시 동대문구 휘경1동,1
6270,서울특별시 동대문구 회기동,2
6271,서울특별시 동대문구 회기동,2
6272,서울특별시 동대문구 회기동,2
6273,서울특별시 동대문구 회기동,2
6274,서울특별시 동대문구 청량리동,2
6275,서울특별시 동대문구 청량리동,2
6276,서울특별시 동대문구 청량리동,2
6277,서울특별시 동대문구 제기동,2
6278,서울특별시 동대문구 청량리동,2
6279,서울특별시 동대문구 청량리동,2
6280,서울특별시 동대문구 청량리동,2
6281,서울특별시 동대문구 청량리동,3
6282,서울특별시 동대문구 청량리동,2
6283,서울특별시 동대문구 청량리동,4
6284,서울특별시 동대문구 청량리동,3
6285,서울특별시 동대문구 청량리동,4
6286,서울특별시 동대문구 제기동,4
6287,서울특별시 동대문구 제기동,3
6289,서울특별시 동대문구 제기동,1
6290,서울특별시 동대문구 제기동,1
6291,서울특별시 동대문구 제기동,1
6293,서울특별시 동대문구 이문1동,1
6294,서울특별시 동대문구 이문1동,1
6295,서울특별시 동대문구 휘경1동,1
6296,서울특별시 동대문구 용신동,2
6298,서울특별시 동대문구 전농2동,4
6299,서울특별시 동대문구 제기동,1
6300,서울특별시 동대문구 제기동,1
6301,서울특별시 동대문구 이문2동,2
6302,서울특별시 동대문구 이문2동,2
6303,서울특별시 동대문구 이문1동,1
6304,서울특별시 동대문구 전농2동,4
6307,서울특별시 동대문구 장안1동,2
6308,서울특별시 동대문구 휘경2동,3
6309,서울특별시 동대문구 휘경2동,2
6313,서울특별시 동대문구 장안1동,1
6314,서울특별시 동대문구 장안1동,1
6315,서울특별시 동대문구 청량리동,4
6316,서울특별시 동대문구 용신동,2
6317,서울특별시 동대문구 용신동,1
6318,서울특별시 동대문구 휘경1동,1
6320,서울특별시 동대문구 회기동,5
6321,서울특별시 동대문구 휘경1동,6
6322,서울특별시 동대문구 전농2동,3
6323,서울특별시 동대문구 용신동,1
6324,서울특별시 중랑구 면목4동,1
6330,서울특별시 동대문구 청량리동,1
6335,서울특별시 동대문구 답십리2동,1
6349,서울특별시 동대문구 청량리동,2
6357,서울특별시 동대문구 청량리동,2
6358,서울특별시 동대문구 이문2동,4
6359,서울특별시 동대문구 이문2동,1
6391,서울특별시 동대문구 장안1동,2
6416,서울특별시 동대문구 휘경1동,1
6417,서울특별시 동대문구 휘경2동,5
6418,서울특별시 동대문구 용신동,7
6419,서울특별시 동대문구 휘경2동,1
6422,서울특별시 동대문구 휘경1동,2
6424,서울특별시 동대문구 용신동,1
6426,서울특별시 동대문구 용신동,18
6500,서울특별시 동대문구 답십리1동,1
6501,서울특별시 동대문구 휘경2동,1
6502,서울특별시 동대문구 휘경1동,2
6503,서울특별시 동대문구 답십리1동,1
6504,서울특별시 동대문구 휘경2동,1
6505,서울특별시 동대문구 이문1동,1
6506,서울특별시 동대문구 회기동,1
6509,서울특별시 동대문구 이문1동,1
6510,서울특별시 동대문구 회기동,1
6511,서울특별시 동대문구 답십리1동,1
6513,서울특별시 동대문구 이문1동,1
6514,서울특별시 동대문구 회기동,1
6515,서울특별시 동대문구 전농1동,1
6517,서울특별시 동대문구 이문1동,1
6519,서울특별시 동대문구 전농1동,1
6521,서울특별시 동대문구 이문1동,1
6523,서울특별시 동대문구 전농1동,1
6524,서울특별시 동대문구 전농2동,1
6525,서울특별시 동대문구 이문2동,1
6526,서울특별시 동대문구 전농1동,1
6528,서울특별시 동대문구 이문1동,2
6530,서울특별시 동대문구 전농1동,1
6533,서울특별시 동대문구 전농1동,1
6535,서울특별시 동대문구 이문1동,1
6536,서울특별시 동대문구 이문2동,1
6537,서울특별시 동대문구 전농1동,1
6539,서울특별시 동대문구 이문1동,1
6543,서울특별시 동대문구 이문1동,1
6544,서울특별시 동대문구 용신동,1
6546,서울특별시 동대문구 휘경1동,1
6556,서울특별시 동대문구 이문1동,1
6557,서울특별시 동대문구 용신동,1
6559,서울특별시 동대문구 휘경2동,1
6560,서울특별시 동대문구 이문1동,1
6562,서울특별시 동대문구 청량리동,1
6564,서울특별시 동대문구 이문1동,1
6565,서울특별시 동대문구 청량리동,1
6566,서울특별시 동대문구 전농2동,1
6567,서울특별시 동대문구 이문1동,1
6570,서울특별시 동대문구 이문1동,1
6572,서울특별시 동대문구 장안2동,1
6575,서울특별시 동대문구 전농1동,1
6576,서울특별시 동대문구 전농1동,1
6577,서울특별시 동대문구 전농1동,1
6578,서울특별시 동대문구 전농1동,1
6579,서울특별시 동대문구 전농1동,1
6580,서울특별시 동대문구 답십리1동,1
6581,서울특별시 동대문구 답십리1동,1
6582,서울특별시 동대문구 답십리1동,1
6583,서울특별시 동대문구 답십리1동,1
6584,서울특별시 동대문구 답십리1동,1
6585,서울특별시 동대문구 답십리1동,1
6586,서울특별시 동대문구 답십리1동,1
6587,서울특별시 동대문구 답십리1동,1
6588,서울특별시 동대문구 답십리1동,1
6591,서울특별시 동대문구 제기동,2
6593,서울특별시 동대문구 장안2동,1
6594,서울특별시 동대문구 회기동,1
6595,서울특별시 동대문구 휘경1동,1
6626,서울특별시 동대문구 장안2동,1
6628,서울특별시 동대문구 장안2동,1
6629,서울특별시 동대문구 장안2동,1
6631,서울특별시 동대문구 장안1동,1
6755,서울특별시 동대문구 전농1동,1
6756,서울특별시 동대문구 전농1동,1
6757,서울특별시 동대문구 전농1동,1
6758,서울특별시 동대문구 답십리1동,1
6768,서울특별시 동대문구 장안2동,1
6774,서울특별시 동대문구 용신동,2
6775,서울특별시 동대문구 제기동,5
6777,서울특별시 동대문구 장안1동,1
6778,서울특별시 동대문구 장안2동,1
6779,서울특별시 동대문구 답십리2동,4
7001,서울특별시 중랑구 상봉1동,9
7002,서울특별시 중랑구 상봉2동,10
7003,서울특별시 중랑구 상봉1동,9
7004,서울특별시 중랑구 상봉2동,7
7005,서울특별시 중랑구 중화2동,11
7006,서울특별시 중랑구 상봉2동,11
7007,서울특별시 중랑구 망우본동,10
7008,서울특별시 중랑구 망우본동,10
7009,서울특별시 중랑구 망우본동,6
7010,서울특별시 중랑구 망우본동,7
7011,서울특별시 중랑구 망우본동,3
7012,서울특별시 중랑구 망우본동,3
7013,서울특별시 중랑구 망우본동,1
7014,서울특별시 중랑구 망우본동,2
7101,서울특별시 중랑구 묵2동,3
7102,서울특별시 중랑구 묵1동,3
7103,서울특별시 중랑구 묵2동,4
7104,서울특별시 중랑구 묵1동,4
7105,서울특별시 중랑구 묵2동,6
7106,서울특별시 중랑구 묵1동,6
7107,서울특별시 중랑구 중화2동,7
7108,서울특별시 중랑구 중화1동,7
7109,서울특별시 중랑구 중화2동,6
7110,서울특별시 중랑구 중화1동,6
7111,서울특별시 중랑구 면목2동,3
7112,서울특별시 중랑구 상봉2동,3
7113,서울특별시 중랑구 면목2동,3
7114,서울특별시 중랑구 면목2동,3
7115,서울특별시 중랑구 면목2동,3
7116,서울특별시 중랑구 면목2동,3
7117,서울특별시 중랑구 면목5동,4
7118,서울특별시 중랑구 면목5동,4
7119,서울특별시 중랑구 면목5동,2
7120,서울특별시 중랑구 면목5동,2
7121,서울특별시 중랑구 면목4동,4
7122,서울특별시 중랑구 면목4동,4
7123,서울특별시 중랑구 면목4동,4
7124,서울특별시 중랑구 중화2동,1
7128,서울특별시 중랑구 상봉2동,1
7129,서울특별시 중랑구 망우본동,7
7130,서울특별시 중랑구 상봉2동,1
7131,서울특별시 중랑구 망우본동,6
7132,서울특별시 중랑구 상봉1동,1
7133,서울특별시 중랑구 상봉1동,1
7134,서울특별시 중랑구 망우본동,3
7135,서울특별시 중랑구 망우본동,5
7137,서울특별시 중랑구 망우본동,3
7140,서울특별시 중랑구 망우본동,1
7141,서울특별시 중랑구 망우본동,1
7143,서울특별시 중랑구 망우본동,3
7144,서울특별시 중랑구 상봉2동,2
7145,서울특별시 중랑구 면목2동,2
7146,서울특별시 중랑구 면목2동,1
7147,서울특별시 중랑구 면목2동,1
7148,서울특별시 중랑구 면목2동,1
7149,서울특별시 중랑구 면목2동,2
7150,서울특별시 중랑구 면목2동,1
7151,서울특별시 중랑구 상봉2동,1
7152,서울특별시 중랑구 면목2동,1
7153,서울특별시 중랑구 상봉2동,1
7154,서울특별시 중랑구 면목본동,2
7155,서울특별시 중랑구 상봉2동,2
7156,서울특별시 중랑구 면목본동,2
7157,서울특별시 중랑구 상봉2동,3
7158,서울특별시 중랑구 면목본동,1
7159,서울특별시 중랑구 망우본동,2
7160,서울특별시 중랑구 망우3동,2
7161,서울특별시 중랑구 망우본동,2
7162,서울특별시 중랑구 망우3동,2
7163,서울특별시 중랑구 망우본동,2
7164,서울특별시 중랑구 망우3동,2
7165,서울특별시 중랑구 망우본동,2
7166,서울특별시 중랑구 상봉2동,6
7167,서울특별시 중랑구 상봉2동,5
7168,서울특별시 중랑구 면목본동,5
7169,서울특별시 중랑구 면목본동,5
7170,서울특별시 중랑구 면목본동,5
7171,서울특별시 중랑구 면목본동,5
7172,서울특별시 중랑구 면목본동,6
7173,서울특별시 중랑구 면목본동,6
7174,서울특별시 중랑구 면목본동,6
7175,서울특별시 중랑구 면목본동,6
7176,서울특별시 중랑구 면목제3.8동,6
7177,서울특별시 중랑구 면목제3.8동,6
7178,서울특별시 중랑구 면목7동,7
7179,서울특별시 중랑구 면목제3.8동,6
7180,서울특별시 중랑구 면목7동,7
7181,서울특별시 중랑구 면목7동,7
7182,서울특별시 중랑구 면목7동,7
7183,서울특별시 중랑구 면목4동,7
7184,서울특별시 중랑구 면목4동,7
7185,서울특별시 중랑구 면목4동,6
7186,서울특별시 중랑구 면목4동,6
7187,서울특별시 중랑구 망우본동,1
7188,서울특별시 중랑구 망우본동,1
7189,서울특별시 중랑구 망우3동,3
7190,서울특별시 중랑구 망우3동,3
7191,서울특별시 중랑구 망우3동,3
7192,서울특별시 중랑구 망우3동,3
7193,서울특별시 중랑구 면목제3.8동,4
7194,서울특별시 중랑구 면목제3.8동,4
7195,서울특별시 중랑구 면목제3.8동,4
7196,서울특별시 중랑구 면목제3.8동,4
7197,서울특별시 중랑구 면목제3.8동,4
7198,서울특별시 중랑구 면목본동,4
7199,서울특별시 중랑구 면목제3.8동,4
7200,서울특별시 중랑구 면목제3.8동,4
7201,서울특별시 중랑구 면목7동,3
7203,서울특별시 중랑구 면목7동,4
7204,서울특별시 중랑구 면목7동,4
7205,서울특별시 중랑구 면목7동,4
7206,서울특별시 중랑구 면목7동,4
7207,서울특별시 중랑구 면목4동,4
7208,서울특별시 중랑구 면목4동,4
7209,서울특별시 중랑구 면목4동,4
7210,서울특별시 중랑구 면목4동,4
7211,서울특별시 중랑구 면목4동,4
7212,서울특별시 중랑구 묵1동,4
7213,서울특별시 중랑구 묵1동,5
7214,서울특별시 중랑구 묵1동,3
7215,서울특별시 중랑구 묵1동,3
7216,서울특별시 중랑구 면목2동,1
7217,서울특별시 중랑구 면목2동,1
7218,서울특별시 중랑구 면목2동,1
7219,서울특별시 중랑구 면목2동,1
7220,서울특별시 중랑구 면목5동,1
7221,서울특별시 중랑구 면목2동,1
7222,서울특별시 중랑구 면목5동,1
7223,서울특별시 중랑구 면목2동,1
7224,서울특별시 중랑구 면목5동,2
7225,서울특별시 중랑구 면목2동,2
7226,서울특별시 중랑구 면목본동,2
7227,서울특별시 중랑구 면목본동,2
7228,서울특별시 중랑구 면목본동,3
7229,서울특별시 중랑구 면목본동,3
7230,서울특별시 중랑구 면목본동,3
7231,서울특별시 중랑구 면목본동,4
7232,서울특별시 중랑구 면목제3.8동,3
7233,서울특별시 중랑구 망우3동,3
7234,서울특별시 중랑구 면목5동,1
7235,서울특별시 중랑구 면목본동,1
7236,서울특별시 중랑구 면목제3.8동,1
7237,서울특별시 중랑구 면목5동,1
7238,서울특별시 중랑구 면목제3.8동,1
7239,서울특별시 중랑구 면목5동,1
7240,서울특별시 중랑구 면목7동,2
7241,서울특별시 중랑구 면목5동,2
7242,서울특별시 중랑구 면목5동,7
7243,서울특별시 중랑구 면목5동,7
7244,서울특별시 중랑구 면목제3.8동,8
7245,서울특별시 중랑구 면목7동,8
7246,서울특별시 중랑구 면목제3.8동,8
7247,서울특별시 중랑구 면목7동,8
7248,서울특별시 중랑구 면목제3.8동,3
7249,서울특별시 중랑구 면목7동,3
7250,서울특별시 중랑구 면목7동,2
7251,서울특별시 중랑구 중화2동,5
7252,서울특별시 중랑구 중화2동,5
7253,서울특별시 중랑구 중화2동,4
7254,서울특별시 중랑구 중화2동,4
7255,서울특별시 중랑구 중화1동,4
7256,서울특별시 중랑구 중화1동,4
7257,서울특별시 중랑구 중화1동,4
7258,서울특별시 중랑구 중화1동,4
7259,서울특별시 중랑구 중화1동,4
7260,서울특별시 중랑구 중화1동,4
7261,서울특별시 중랑구 상봉1동,5
7262,서울특별시 중랑구 상봉1동,6
7263,서울특별시 중랑구 상봉1동,5
7264,서울특별시 중랑구 상봉1동,6
7265,서울특별시 중랑구 상봉1동,5
7266,서울특별시 중랑구 상봉1동,6
7267,서울특별시 중랑구 신내2동,5
7268,서울특별시 중랑구 신내2동,6
7269,서울특별시 중랑구 신내1동,3
7270,서울특별시 중랑구 신내1동,3
7271,서울특별시 중랑구 신내2동,9
7272,서울특별시 중랑구 신내1동,8
7273,서울특별시 중랑구 신내2동,9
7274,서울특별시 중랑구 신내1동,7
7275,서울특별시 중랑구 신내1동,10
7276,서울특별시 중랑구 신내1동,10
7277,서울특별시 중랑구 신내2동,10
7278,서울특별시 중랑구 신내2동,10
7279,서울특별시 중랑구 신내2동,10
7280,서울특별시 중랑구 신내1동,11
7281,서울특별시 중랑구 신내2동,7
7282,서울특별시 중랑구 신내2동,6
7283,서울특별시 중랑구 신내2동,1
7284,서울특별시 중랑구 신내2동,2
7285,서울특별시 중랑구 신내2동,1
7286,서울특별시 중랑구 신내2동,5
7287,서울특별시 중랑구 신내2동,1
7288,서울특별시 중랑구 신내2동,5
7289,서울특별시 중랑구 묵1동,5
7290,서울특별시 중랑구 묵1동,4
7291,서울특별시 중랑구 묵1동,4
7292,서울특별시 중랑구 묵1동,5
7293,서울특별시 중랑구 묵1동,5
7294,서울특별시 중랑구 묵1동,6
7295,서울특별시 중랑구 신내1동,5
7296,서울특별시 중랑구 신내1동,7
7297,서울특별시 중랑구 신내2동,7
7298,서울특별시 중랑구 신내1동,3
7299,서울특별시 중랑구 신내1동,3
7300,서울특별시 중랑구 신내1동,3
7301,서울특별시 중랑구 신내1동,2
7302,서울특별시 중랑구 망우본동,6
7303,서울특별시 중랑구 신내1동,6
7304,서울특별시 중랑구 신내1동,6
7305,서울특별시 중랑구 신내1동,6
7306,서울특별시 중랑구 망우본동,6
7307,서울특별시 중랑구 신내1동,5
7308,서울특별시 중랑구 망우본동,3
7309,서울특별시 중랑구 상봉2동,4
7310,서울특별시 중랑구 망우3동,2
7311,서울특별시 중랑구 면목본동,2
7312,서울특별시 중랑구 망우3동,2
7313,서울특별시 중랑구 면목본동,2
7314,서울특별시 중랑구 면목제3.8동,2
7315,서울특별시 중랑구 면목본동,2
7316,서울특별시 중랑구 중화2동,2
7317,서울특별시 중랑구 중화2동,1
7318,서울특별시 중랑구 중화2동,1
7319,서울특별시 중랑구 중화2동,2
7320,서울특별시 중랑구 중화2동,1
7321,서울특별시 중랑구 중화2동,2
7324,서울특별시 중랑구 면목본동,1
7325,서울특별시 중랑구 망우본동,2
7327,서울특별시 중랑구 망우본동,3
7328,서울특별시 중랑구 망우본동,2
7329,서울특별시 중랑구 망우본동,3
7330,서울특별시 중랑구 망우본동,2
7331,서울특별시 중랑구 망우본동,3
7332,서울특별시 중랑구 망우본동,2
7333,서울특별시 중랑구 망우본동,3
7334,서울특별시 중랑구 망우본동,3
7335,서울특별시 중랑구 망우본동,3
7336,서울특별시 중랑구 망우본동,3
7337,서울특별시 중랑구 망우본동,14
7338,서울특별시 중랑구 신내1동,14
7346,서울특별시 중랑구 면목2동,1
7347,서울특별시 중랑구 신내2동,6
7348,서울특별시 중랑구 묵1동,1
7349,서울특별시 중랑구 묵1동,1
7350,서울특별시 중랑구 묵1동,1
7351,서울특별시 중랑구 묵1동,1
7352,서울특별시 중랑구 묵1동,1
7353,서울특별시 중랑구 묵1동,1
7354,서울특별시 중랑구 신내2동,7
7355,서울특별시 중랑구 망우본동,1
7356,서울특별시 중랑구 망우본동,1
7357,서울특별시 중랑구 망우본동,1
7358,서울특별시 중랑구 망우본동,1
7359,서울특별시 중랑구 망우본동,1
7360,서울특별시 중랑구 망우본동,1
7361,서울특별시 중랑구 망우본동,1
7362,서울특별시 중랑구 망우본동,1
7363,서울특별시 중랑구 신내1동,1
7364,서울특별시 중랑구 망우본동,1
7365,서울특별시 중랑구 신내1동,1
7366,서울특별시 중랑구 망우본동,1
7367,서울특별시 중랑구 신내2동,5
7369,서울특별시 중랑구 묵1동,1
7370,서울특별시 중랑구 묵1동,1
7371,서울특별시 중랑구 묵1동,1
7372,서울특별시 중랑구 묵1동,1
7373,서울특별시 중랑구 묵1동,2
7374,서울특별시 중랑구 묵1동,1
7375,서울특별시 중랑구 묵1동,2
7376,서울특별시 중랑구 묵1동,1
7377,서울특별시 중랑구 묵2동,1
7378,서울특별시 중랑구 묵2동,1
7379,서울특별시 중랑구 묵2동,1
7380,서울특별시 중랑구 묵2동,2
7381,서울특별시 중랑구 묵2동,1
7382,서울특별시 중랑구 묵2동,1
7383,서울특별시 중랑구 묵2동,1
7384,서울특별시 중랑구 묵2동,1
7385,서울특별시 중랑구 묵2동,1
7386,서울특별시 중랑구 묵2동,1
7387,서울특별시 중랑구 묵2동,1
7388,서울특별시 중랑구 묵2동,1
7389,서울특별시 중랑구 묵2동,1
7390,서울특별시 중랑구 묵2동,1
7391,서울특별시 중랑구 중화2동,1
7392,서울특별시 중랑구 중화2동,1
7393,서울특별시 중랑구 중화2동,1
7394,서울특별시 중랑구 중화2동,1
7395,서울특별시 중랑구 중화2동,2
7396,서울특별시 중랑구 중화2동,1
7397,서울특별시 중랑구 중화2동,2
7398,서울특별시 중랑구 중화2동,1
7399,서울특별시 중랑구 중화2동,1
7401,서울특별시 중랑구 신내1동,1
7402,서울특별시 중랑구 신내1동,1
7403,서울특별시 중랑구 신내1동,1
7404,서울특별시 중랑구 신내1동,1
7405,서울특별시 중랑구 신내1동,1
7406,서울특별시 중랑구 신내1동,1
7407,서울특별시 중랑구 신내2동,1
7408,서울특별시 중랑구 상봉1동,4
7409,서울특별시 중랑구 상봉1동,3
7410,서울특별시 중랑구 상봉1동,4
7411,서울특별시 중랑구 상봉1동,3
7417,서울특별시 중랑구 상봉1동,2
7418,서울특별시 중랑구 신내1동,16
7420,서울특별시 중랑구 망우본동,1
7421,서울특별시 중랑구 망우본동,1
7422,서울특별시 중랑구 중화2동,2
7424,서울특별시 중랑구 망우본동,1
7425,서울특별시 중랑구 묵2동,6
7426,서울특별시 중랑구 묵1동,6
7427,서울특별시 중랑구 중화2동,1
7429,서울특별시 중랑구 묵1동,1
7430,서울특별시 중랑구 묵1동,5
7431,서울특별시 중랑구 묵1동,4
7432,서울특별시 중랑구 신내1동,6
7433,서울특별시 중랑구 신내1동,7
7434,서울특별시 중랑구 신내1동,7
7435,서울특별시 중랑구 신내1동,7
7436,서울특별시 중랑구 면목제3.8동,2
7437,서울특별시 중랑구 신내1동,1
7438,서울특별시 중랑구 망우본동,3
7439,서울특별시 중랑구 면목4동,1
7440,서울특별시 중랑구 망우본동,3
7441,서울특별시 중랑구 망우본동,1
7442,서울특별시 중랑구 신내1동,2
7447,서울특별시 중랑구 신내1동,2
7448,서울특별시 중랑구 신내1동,3
7449,서울특별시 중랑구 망우본동,6
7450,서울특별시 중랑구 망우본동,5
7451,서울특별시 중랑구 망우본동,5
7452,서울특별시 중랑구 신내1동,5
7453,서울특별시 중랑구 신내1동,5
7454,서울특별시 중랑구 신내1동,5
7455,서울특별시 중랑구 신내1동,5
7456,서울특별시 중랑구 신내1동,5
7457,서울특별시 중랑구 신내1동,2
7458,서울특별시 중랑구 신내1동,2
7459,서울특별시 중랑구 신내1동,2
7460,서울특별시 중랑구 신내1동,2
7461,서울특별시 중랑구 신내2동,1
7500,서울특별시 중랑구 면목제3.8동,1
7501,서울특별시 중랑구 중화1동,1
7502,서울특별시 중랑구 면목제3.8동,1
7503,서울특별시 중랑구 중화1동,1
7504,서울특별시 중랑구 중화1동,1
7505,서울특별시 중랑구 면목제3.8동,1
7506,서울특별시 중랑구 중화2동,1
7507,서울특별시 중랑구 면목제3.8동,1
7508,서울특별시 중랑구 중화2동,1
7510,서울특별시 중랑구 면목제3.8동,1
7512,서울특별시 중랑구 면목본동,1
7514,서울특별시 중랑구 중화2동,1
7515,서울특별시 중랑구 면목2동,1
7517,서울특별시 중랑구 면목2동,1
7519,서울특별시 중랑구 면목2동,1
7520,서울특별시 중랑구 중화1동,1
7521,서울특별시 중랑구 중화1동,1
7522,서울특별시 중랑구 면목5동,1
7523,서울특별시 중랑구 중화1동,1
7524,서울특별시 중랑구 면목본동,1
7525,서울특별시 중랑구 면목본동,1
7526,서울특별시 중랑구 면목제3.8동,1
7527,서울특별시 중랑구 면목제3.8동,1
7528,서울특별시 중랑구 면목제3.8동,1
7529,서울특별시 중랑구 면목제3.8동,1
7530,서울특별시 중랑구 중화2동,1
7550,서울특별시 중랑구 신내1동,1
7706,서울특별시 중랑구 묵2동,1
7740,서울특별시 중랑구 신내1동,15
7770,서울특별시 중랑구 면목5동,1
7771,서울특별시 중랑구 상봉1동,1
8001,서울특별시 성북구 길음2동,17
8002,서울특별시 성북구 길음2동,18
8003,서울특별시 성북구 길음1동,20
8004,서울특별시 성북구 길음1동,19
8005,서울특별시 성북구 돈암1동,21
8006,서울특별시 성북구 돈암1동,21
8007,서울특별시 성북구 동선동,21
8008,서울특별시 성북구 동선동,21
8009,서울특별시 성북구 성북동,21
8010,서울특별시 성북구 삼선동,21
8101,서울특별시 성북구 월곡1동,5
8102,서울특별시 성북구 월곡1동,5
8103,서울특별시 성북구 장위1동,1
8104,서울특별시 성북구 장위1동,1
8105,서울특별시 성북구 장위3동,3
8106,서울특별시 성북구 장위3동,3
8107,서울특별시 성북구 정릉3동,7
8108,서울특별시 성북구 정릉3동,3
8110,서울특별시 성북구 정릉3동,5
8111,서울특별시 성북구 정릉3동,6
8112,서울특별시 성북구 정릉3동,7
8113,서울특별시 성북구 정릉3동,5
8114,서울특별시 성북구 정릉3동,6
8115,서울특별시 성북구 정릉2동,6
8116,서울특별시 성북구 정릉2동,6
8117,서울특별시 성북구 정릉2동,6
8118,서울특별시 성북구 정릉2동,6
8119,서울특별시 성북구 정릉1동,11
8120,서울특별시 성북구 정릉1동,12
8121,서울특별시 성북구 정릉1동,11
8122,서울특별시 성북구 길음1동,2
8123,서울특별시 성북구 돈암1동,7
8124,서울특별시 성북구 길음1동,6
8125,서울특별시 성북구 돈암1동,3
8126,서울특별시 성북구 길음2동,5
8127,서울특별시 성북구 종암동,3
8128,서울특별시 성북구 종암동,3
8129,서울특별시 성북구 월곡1동,4
8130,서울특별시 성북구 종암동,3
8131,서울특별시 성북구 월곡2동,5
8132,서울특별시 성북구 월곡2동,4
8133,서울특별시 성북구 월곡2동,3
8134,서울특별시 성북구 월곡2동,4
8135,서울특별시 성북구 월곡2동,4
8136,서울특별시 성북구 월곡2동,3
8137,서울특별시 성북구 월곡2동,3
8138,서울특별시 성북구 월곡2동,3
8139,서울특별시 성북구 석관동,3
8140,서울특별시 성북구 장위2동,3
8141,서울특별시 성북구 석관동,4
8142,서울특별시 성북구 장위2동,3
8143,서울특별시 성북구 장위2동,4
8144,서울특별시 성북구 석관동,3
8145,서울특별시 성북구 장위3동,3
8146,서울특별시 성북구 석관동,10
8147,서울특별시 성북구 석관동,15
8148,서울특별시 성북구 길음2동,7
8149,서울특별시 성북구 월곡1동,6
8150,서울특별시 성북구 종암동,12
8151,서울특별시 성북구 종암동,12
8152,서울특별시 성북구 종암동,12
8153,서울특별시 성북구 종암동,12
8154,서울특별시 성북구 종암동,12
8155,서울특별시 성북구 종암동,12
8156,서울특별시 성북구 안암동,7
8157,서울특별시 동대문구 제기동,6
8158,서울특별시 성북구 안암동,3
8159,서울특별시 성북구 안암동,3
8160,서울특별시 성북구 정릉4동,3
8161,서울특별시 성북구 정릉4동,6
8162,서울특별시 성북구 정릉4동,6
8163,서울특별시 성북구 정릉4동,7
8164,서울특별시 성북구 정릉4동,7
8165,서울특별시 성북구 정릉4동,6
8166,서울특별시 성북구 정릉4동,7
8167,서울특별시 성북구 정릉4동,7
8168,서울특별시 성북구 정릉4동,6
8169,서울특별시 성북구 정릉2동,8
8170,서울특별시 성북구 정릉2동,8
8171,서울특별시 성북구 길음1동,5
8172,서울특별시 성북구 길음2동,4
8173,서울특별시 성북구 길음1동,5
8174,서울특별시 성북구 길음2동,4
8175,서울특별시 성북구 삼선동,8
8176,서울특별시 성북구 삼선동,9
8177,서울특별시 성북구 삼선동,9
8178,서울특별시 성북구 삼선동,10
8179,서울특별시 성북구 보문동,6
8180,서울특별시 성북구 보문동,4
8181,서울특별시 성북구 보문동,5
8182,서울특별시 성북구 보문동,4
8183,서울특별시 성북구 보문동,5
8184,서울특별시 성북구 보문동,4
8185,서울특별시 성북구 장위3동,5
8186,서울특별시 성북구 장위3동,5
8187,서울특별시 성북구 장위3동,3
8188,서울특별시 노원구 월계1동,3
8189,서울특별시 성북구 장위3동,3
8190,서울특별시 성북구 장위3동,3
8191,서울특별시 성북구 장위3동,3
8192,서울특별시 성북구 장위3동,3
8193,서울특별시 성북구 석관동,2
8194,서울특별시 성북구 석관동,2
8195,서울특별시 성북구 석관동,3
8196,서울특별시 성북구 석관동,3
8197,서울특별시 성북구 석관동,3
8198,서울특별시 성북구 석관동,3
8199,서울특별시 성북구 장위1동,1
8200,서울특별시 성북구 장위3동,2
8201,서울특별시 성북구 장위1동,1
8202,서울특별시 성북구 장위1동,2
8203,서울특별시 성북구 장위2동,2
8204,서울특별시 성북구 장위2동,2
8205,서울특별시 성북구 장위2동,2
8206,서울특별시 성북구 장위2동,2
8207,서울특별시 성북구 장위2동,2
8208,서울특별시 성북구 장위2동,2
8209,서울특별시 성북구 석관동,5
8210,서울특별시 성북구 장위2동,2
8211,서울특별시 성북구 석관동,5
8212,서울특별시 성북구 석관동,5
8213,서울특별시 성북구 석관동,5
8214,서울특별시 성북구 석관동,5
8215,서울특별시 성북구 석관동,5
8216,서울특별시 성북구 석관동,5
8217,서울특별시 성북구 장위3동,5
8218,서울특별시 성북구 장위3동,6
8219,서울특별시 성북구 장위3동,5
8220,서울특별시 성북구 장위1동,6
8221,서울특별시 성북구 장위2동,5
8222,서울특별시 성북구 장위1동,7
8223,서울특별시 성북구 성북동,2
8224,서울특별시 성북구 성북동,2
8225,서울특별시 성북구 성북동,2
8226,서울특별시 성북구 성북동,2
8227,서울특별시 성북구 성북동,2
8228,서울특별시 성북구 성북동,3
8229,서울특별시 성북구 성북동,3
8230,서울특별시 성북구 성북동,3
8231,서울특별시 성북구 성북동,3
8232,서울특별시 성북구 성북동,3
8233,서울특별시 성북구 성북동,3
8234,서울특별시 성북구 성북동,3
8235,서울특별시 성북구 성북동,2
8236,서울특별시 성북구 성북동,1
8237,서울특별시 성북구 성북동,3
8240,서울특별시 성북구 월곡2동,1
8241,서울특별시 성북구 월곡1동,1
8245,서울특별시 성북구 길음1동,3
8246,서울특별시 성북구 길음1동,2
8247,서울특별시 성북구 길음2동,4
8248,서울특별시 성북구 길음2동,2
8249,서울특별시 성북구 길음2동,2
8250,서울특별시 성북구 정릉2동,2
8251,서울특별시 성북구 정릉2동,2
8252,서울특별시 성북구 정릉1동,2
8253,서울특별시 성북구 정릉2동,2
8254,서울특별시 성북구 정릉2동,2
8255,서울특별시 성북구 정릉2동,2
8256,서울특별시 성북구 정릉1동,2
8257,서울특별시 성북구 정릉2동,2
8258,서울특별시 성북구 정릉4동,2
8259,서울특별시 성북구 정릉4동,2
8260,서울특별시 성북구 정릉4동,2
8261,서울특별시 성북구 정릉4동,2
8262,서울특별시 성북구 정릉4동,3
8263,서울특별시 성북구 정릉2동,3
8264,서울특별시 성북구 정릉1동,3
8265,서울특별시 성북구 돈암2동,5
8266,서울특별시 성북구 돈암2동,3
8267,서울특별시 성북구 동선동,4
8268,서울특별시 성북구 동선동,4
8269,서울특별시 성북구 동선동,4
8270,서울특별시 성북구 동선동,4
8271,서울특별시 성북구 월곡2동,1
8272,서울특별시 성북구 월곡2동,1
8273,서울특별시 성북구 월곡2동,1
8274,서울특별시 성북구 월곡2동,1
8275,서울특별시 성북구 장위1동,4
8276,서울특별시 성북구 장위1동,4
8277,서울특별시 성북구 장위1동,4
8278,서울특별시 성북구 장위1동,5
8279,서울특별시 성북구 장위1동,4
8280,서울특별시 성북구 장위1동,4
8281,서울특별시 성북구 장위1동,4
8282,서울특별시 성북구 장위1동,4
8283,서울특별시 성북구 월곡1동,3
8284,서울특별시 성북구 월곡1동,2
8285,서울특별시 성북구 월곡1동,3
8286,서울특별시 성북구 월곡1동,3
8287,서울특별시 성북구 월곡1동,3
8288,서울특별시 성북구 월곡1동,3
8289,서울특별시 성북구 월곡1동,3
8290,서울특별시 성북구 월곡2동,3
8293,서울특별시 성북구 장위1동,4
8294,서울특별시 성북구 장위2동,4
8295,서울특별시 성북구 보문동,3
8296,서울특별시 성북구 보문동,4
8297,서울특별시 성북구 안암동,3
8298,서울특별시 성북구 안암동,3
8299,서울특별시 성북구 안암동,3
8300,서울특별시 성북구 안암동,4
8301,서울특별시 성북구 안암동,3
8302,서울특별시 성북구 안암동,2
8303,서울특별시 성북구 안암동,2
8304,서울특별시 성북구 안암동,2
8305,서울특별시 성북구 삼선동,5
8306,서울특별시 성북구 동선동,1
8307,서울특별시 성북구 동선동,1
8308,서울특별시 성북구 동선동,1
8310,서울특별시 성북구 동선동,1
8311,서울특별시 성북구 안암동,1
8312,서울특별시 성북구 안암동,1
8313,서울특별시 성북구 안암동,1
8315,서울특별시 성북구 안암동,1
8316,서울특별시 성북구 안암동,1
8318,서울특별시 성북구 삼선동,3
8320,서울특별시 성북구 정릉2동,2
8321,서울특별시 성북구 정릉2동,2
8322,서울특별시 성북구 정릉3동,3
8323,서울특별시 성북구 정릉3동,2
8324,서울특별시 성북구 정릉4동,3
8325,서울특별시 성북구 정릉4동,2
8326,서울특별시 성북구 보문동,3
8327,서울특별시 성북구 길음2동,6
8328,서울특별시 성북구 정릉4동,2
8329,서울특별시 성북구 길음2동,2
8330,서울특별시 성북구 정릉2동,1
8332,서울특별시 성북구 석관동,1
8333,서울특별시 성북구 석관동,1
8334,서울특별시 성북구 월곡2동,1
8335,서울특별시 성북구 석관동,1
8336,서울특별시 성북구 길음1동,2
8338,서울특별시 성북구 정릉4동,2
8339,서울특별시 성북구 석관동,3
8340,서울특별시 성북구 석관동,4
8341,서울특별시 성북구 석관동,1
8342,서울특별시 성북구 석관동,2
8344,서울특별시 성북구 정릉4동,3
8347,서울특별시 성북구 정릉4동,3
8348,서울특별시 성북구 정릉4동,2
8349,서울특별시 성북구 정릉4동,2
8350,서울특별시 성북구 정릉4동,2
8353,서울특별시 성북구 월곡2동,1
8355,서울특별시 성북구 정릉2동,1
8356,서울특별시 성북구 정릉2동,1
8357,서울특별시 성북구 정릉2동,1
8358,서울특별시 성북구 돈암2동,1
8359,서울특별시 성북구 정릉2동,1
8360,서울특별시 성북구 정릉2동,1
8361,서울특별시 성북구 정릉2동,1
8364,서울특별시 성북구 돈암2동,1
8365,서울특별시 성북구 돈암2동,1
8366,서울특별시 성북구 정릉2동,1
8367,서울특별시 성북구 돈암2동,1
8368,서울특별시 성북구 정릉2동,1
8369,서울특별시 성북구 정릉2동,1
8370,서울특별시 성북구 정릉2동,1
8371,서울특별시 성북구 정릉4동,2
8372,서울특별시 성북구 정릉4동,2
8373,서울특별시 성북구 정릉4동,2
8380,서울특별시 성북구 정릉1동,2
8381,서울특별시 성북구 정릉2동,2
8382,서울특별시 성북구 정릉1동,2
8390,서울특별시 성북구 정릉3동,1
8391,서울특별시 성북구 정릉3동,1
8392,서울특별시 성북구 정릉3동,1
8393,서울특별시 성북구 정릉3동,1
8394,서울특별시 성북구 정릉3동,1
8395,서울특별시 성북구 정릉3동,1
8396,서울특별시 성북구 월곡2동,1
8400,서울특별시 성북구 정릉1동,7
8401,서울특별시 성북구 월곡1동,1
8402,서울특별시 성북구 월곡1동,1
8403,서울특별시 성북구 월곡1동,1
8404,서울특별시 성북구 석관동,3
8405,서울특별시 성북구 성북동,1
8448,서울특별시 성북구 정릉2동,1
8449,서울특별시 성북구 종암동,1
8450,서울특별시 성북구 장위3동,1
8451,서울특별시 성북구 장위1동,1
8452,서울특별시 성북구 월곡1동,1
8453,서울특별시 성북구 길음1동,2
8454,서울특별시 성북구 정릉4동,1
8455,서울특별시 성북구 정릉3동,1
8456,서울특별시 성북구 정릉2동,1
8457,서울특별시 성북구 삼선동,1
8458,서울특별시 성북구 삼선동,1
8459,서울특별시 성북구 삼선동,1
8460,서울특별시 성북구 돈암2동,1
8462,서울특별시 성북구 삼선동,1
8463,서울특별시 성북구 돈암2동,1
8464,서울특별시 성북구 종암동,1
8465,서울특별시 성북구 종암동,1
8466,서울특별시 성북구 종암동,1
8467,서울특별시 성북구 장위1동,1
8468,서울특별시 성북구 월곡1동,1
8469,서울특별시 성북구 길음1동,2
8470,서울특별시 성북구 정릉4동,1
8471,서울특별시 성북구 정릉2동,1
8473,서울특별시 성북구 삼선동,1
8474,서울특별시 성북구 삼선동,1
8475,서울특별시 성북구 돈암2동,1
8477,서울특별시 성북구 돈암2동,1
8478,서울특별시 성북구 종암동,1
8479,서울특별시 성북구 종암동,1
8480,서울특별시 성북구 종암동,1
8481,서울특별시 성북구 장위1동,1
8482,서울특별시 성북구 장위1동,1
8483,서울특별시 성북구 장위2동,1
8484,서울특별시 성북구 월곡1동,1
8485,서울특별시 성북구 길음1동,2
8487,서울특별시 성북구 정릉3동,1
8488,서울특별시 성북구 정릉2동,1
8489,서울특별시 성북구 동선동,1
8490,서울특별시 성북구 삼선동,2
8491,서울특별시 성북구 삼선동,1
8492,서울특별시 성북구 동선동,1
8493,서울특별시 성북구 종암동,1
8494,서울특별시 성북구 종암동,1
8495,서울특별시 성북구 종암동,2
8496,서울특별시 성북구 장위1동,1
8497,서울특별시 성북구 장위1동,1
8498,서울특별시 성북구 장위2동,1
8499,서울특별시 성북구 월곡1동,1
8500,서울특별시 성북구 길음1동,2
8502,서울특별시 성북구 정릉3동,1
8503,서울특별시 성북구 정릉2동,1
8504,서울특별시 성북구 안암동,1
8505,서울특별시 성북구 동선동,2
8506,서울특별시 성북구 종암동,1
8507,서울특별시 성북구 안암동,1
8508,서울특별시 성북구 종암동,2
8509,서울특별시 성북구 장위1동,1
8510,서울특별시 성북구 장위1동,1
8511,서울특별시 성북구 장위2동,1
8512,서울특별시 성북구 월곡1동,1
8513,서울특별시 성북구 길음1동,1
8514,서울특별시 성북구 길음1동,1
8516,서울특별시 성북구 정릉4동,1
8517,서울특별시 성북구 정릉2동,1
8519,서울특별시 성북구 삼선동,1
8521,서울특별시 성북구 종암동,1
8522,서울특별시 성북구 안암동,1
8523,서울특별시 성북구 종암동,1
8524,서울특별시 성북구 장위2동,1
8525,서울특별시 성북구 장위2동,2
8526,서울특별시 성북구 장위2동,1
8527,서울특별시 성북구 월곡1동,1
8528,서울특별시 성북구 길음1동,1
8529,서울특별시 성북구 길음1동,1
8532,서울특별시 성북구 정릉2동,1
8534,서울특별시 성북구 삼선동,2
8535,서울특별시 성북구 삼선동,1
8536,서울특별시 성북구 장위1동,2
8537,서울특별시 성북구 동선동,1
8538,서울특별시 성북구 종암동,1
8539,서울특별시 성북구 안암동,1
8540,서울특별시 성북구 종암동,1
8541,서울특별시 성북구 장위3동,1
8542,서울특별시 성북구 장위2동,2
8543,서울특별시 성북구 월곡1동,1
8544,서울특별시 성북구 길음2동,1
8545,서울특별시 성북구 길음1동,1
8546,서울특별시 성북구 길음1동,2
8548,서울특별시 성북구 정릉2동,1
8550,서울특별시 성북구 돈암2동,1
8551,서울특별시 성북구 장위1동,2
8552,서울특별시 성북구 돈암2동,1
8553,서울특별시 성북구 종암동,1
8554,서울특별시 성북구 돈암1동,1
8555,서울특별시 성북구 종암동,1
8556,서울특별시 성북구 장위3동,1
8557,서울특별시 성북구 장위2동,2
8558,서울특별시 성북구 월곡2동,1
8559,서울특별시 성북구 길음2동,1
8560,서울특별시 성북구 길음1동,1
8561,서울특별시 성북구 길음1동,2
8562,서울특별시 성북구 정릉3동,1
8563,서울특별시 성북구 정릉2동,1
8564,서울특별시 성북구 안암동,1
8565,서울특별시 성북구 성북동,2
8566,서울특별시 성북구 성북동,2
8567,서울특별시 성북구 돈암2동,1
8568,서울특별시 성북구 장위3동,2
8569,서울특별시 성북구 돈암2동,1
8570,서울특별시 성북구 종암동,2
8571,서울특별시 성북구 돈암1동,1
8572,서울특별시 성북구 종암동,1
8573,서울특별시 성북구 장위3동,1
8574,서울특별시 성북구 장위2동,2
8575,서울특별시 성북구 월곡2동,1
8576,서울특별시 성북구 길음2동,1
8580,서울특별시 성북구 정릉2동,1
8581,서울특별시 성북구 안암동,1
8584,서울특별시 성북구 돈암1동,1
8585,서울특별시 성북구 종암동,1
8586,서울특별시 성북구 장위3동,3
8587,서울특별시 성북구 장위3동,2
8588,서울특별시 성북구 월곡1동,1
8589,서울특별시 성북구 길음2동,1
8590,서울특별시 성북구 길음1동,1
8592,서울특별시 성북구 정릉3동,1
8593,서울특별시 성북구 정릉2동,1
8594,서울특별시 성북구 안암동,1
8596,서울특별시 성북구 성북동,3
8597,서울특별시 성북구 장위3동,1
8598,서울특별시 성북구 돈암1동,1
8599,서울특별시 성북구 종암동,1
8600,서울특별시 성북구 장위3동,3
8602,서울특별시 성북구 장위3동,2
8611,서울특별시 성북구 월곡1동,1
8657,서울특별시 성북구 길음2동,1
8662,서울특별시 성북구 길음1동,2
8714,서울특별시 성북구 정릉3동,1
8715,서울특별시 성북구 장위1동,1
8716,서울특별시 성북구 안암동,1
8718,서울특별시 성북구 삼선동,2
8721,서울특별시 성북구 삼선동,1
8722,서울특별시 성북구 종암동,1
8727,서울특별시 성북구 정릉1동,1
8728,서울특별시 성북구 종암동,1
8729,서울특별시 성북구 월곡1동,1
8731,서울특별시 성북구 길음1동,2
8733,서울특별시 성북구 정릉3동,1
8734,서울특별시 성북구 성북동,1
8744,서울특별시 성북구 삼선동,2
8745,서울특별시 성북구 삼선동,1
8748,서울특별시 성북구 종암동,1
8749,서울특별시 성북구 정릉1동,1
8750,서울특별시 성북구 길음2동,1
8751,서울특별시 성북구 길음1동,2
8757,서울특별시 성북구 정릉4동,1
8758,서울특별시 성북구 정릉2동,1
8759,서울특별시 성북구 성북동,1
8760,서울특별시 성북구 삼선동,1
8765,서울특별시 성북구 삼선동,1
8766,서울특별시 성북구 종암동,1
8767,서울특별시 성북구 정릉1동,1
8768,서울특별시 성북구 장위3동,3
8769,서울특별시 성북구 길음2동,1
8770,서울특별시 성북구 길음1동,2
8771,서울특별시 성북구 성북동,1
8772,서울특별시 성북구 삼선동,1
8773,서울특별시 성북구 삼선동,1
8775,서울특별시 성북구 종암동,1
8780,서울특별시 성북구 장위3동,3
8781,서울특별시 성북구 석관동,3
8783,서울특별시 성북구 길음1동,1
8786,서울특별시 성북구 길음1동,2
8787,서울특별시 성북구 장위1동,1
8788,서울특별시 성북구 성북동,1
8789,서울특별시 성북구 삼선동,1
8790,서울특별시 성북구 삼선동,1
8791,서울특별시 성북구 종암동,1
8795,서울특별시 성북구 돈암2동,1
8796,서울특별시 성북구 종암동,1
8797,서울특별시 성북구 장위3동,1
8798,서울특별시 성북구 길음1동,2
8800,서울특별시 성북구 정릉4동,2
8801,서울특별시 성북구 성북동,1
8807,서울특별시 성북구 삼선동,1
8808,서울특별시 성북구 돈암1동,1
8814,서울특별시 성북구 동선동,1
8815,서울특별시 성북구 종암동,1
8818,서울특별시 성북구 장위3동,1
8819,서울특별시 성북구 길음1동,2
8823,서울특별시 성북구 성북동,1
8828,서울특별시 성북구 삼선동,1
8829,서울특별시 성북구 성북동,1
8830,서울특별시 성북구 길음2동,1
8832,서울특별시 성북구 장위1동,1
8834,서울특별시 성북구 장위3동,2
8835,서울특별시 성북구 길음1동,2
8836,서울특별시 성북구 성북동,1
8838,서울특별시 성북구 성북동,1
8841,서울특별시 성북구 종암동,2
8854,서울특별시 성북구 길음2동,1
8856,서울특별시 성북구 정릉4동,3
8859,서울특별시 성북구 성북동,1
8866,서울특별시 성북구 장위3동,1
8868,서울특별시 성북구 장위3동,2
8869,서울특별시 성북구 월곡1동,1
8872,서울특별시 성북구 성북동,1
8873,서울특별시 성북구 성북동,1
8874,서울특별시 성북구 길음2동,3
8875,서울특별시 성북구 장위1동,1
8876,서울특별시 성북구 장위2동,2
8877,서울특별시 성북구 월곡1동,1
8881,서울특별시 성북구 길음2동,1
8882,서울특별시 성북구 동선동,2
8883,서울특별시 성북구 장위3동,1
8884,서울특별시 성북구 장위2동,2
8885,서울특별시 성북구 월곡1동,1
8886,서울특별시 성북구 안암동,1
8888,서울특별시 성북구 돈암2동,1
8889,서울특별시 성북구 종암동,1
8890,서울특별시 성북구 동선동,1
8891,서울특별시 성북구 장위3동,1
8892,서울특별시 성북구 장위2동,2
8893,서울특별시 성북구 월곡2동,1
8894,서울특별시 성북구 정릉4동,1
8897,서울특별시 성북구 종암동,1
8898,서울특별시 성북구 돈암2동,1
8899,서울특별시 성북구 장위1동,1
8900,서울특별시 성북구 월곡2동,1
8901,서울특별시 성북구 정릉3동,1
8904,서울특별시 성북구 종암동,1
8905,서울특별시 성북구 돈암2동,1
8908,서울특별시 성북구 장위1동,1
8909,서울특별시 성북구 월곡2동,1
8910,서울특별시 성북구 정릉3동,1
8911,서울특별시 성북구 안암동,1
8912,서울특별시 성북구 종암동,1
8913,서울특별시 성북구 정릉1동,1
8914,서울특별시 성북구 장위1동,1
8915,서울특별시 성북구 장위2동,1
8916,서울특별시 성북구 월곡2동,1
8917,서울특별시 성북구 정릉3동,1
8919,서울특별시 성북구 돈암2동,1
8920,서울특별시 성북구 종암동,1
8921,서울특별시 성북구 정릉1동,1
8922,서울특별시 성북구 장위1동,1
8923,서울특별시 성북구 장위2동,1
8924,서울특별시 성북구 월곡2동,1
8925,서울특별시 성북구 정릉3동,1
8926,서울특별시 성북구 동선동,1
8927,서울특별시 성북구 삼선동,1
8928,서울특별시 성북구 정릉1동,1
8930,서울특별시 성북구 장위2동,1
8931,서울특별시 성북구 월곡2동,1
8934,서울특별시 성북구 삼선동,1
8935,서울특별시 성북구 삼선동,1
8936,서울특별시 성북구 돈암1동,1
8937,서울특별시 성북구 월곡2동,1
8938,서울특별시 성북구 장위2동,1
8939,서울특별시 성북구 정릉4동,1
8941,서울특별시 성북구 삼선동,1
8942,서울특별시 성북구 돈암2동,1
8943,서울특별시 성북구 삼선동,1
8944,서울특별시 성북구 종암동,1
8945,서울특별시 성북구 돈암1동,1
8946,서울특별시 성북구 월곡2동,1
8947,서울특별시 성북구 월곡2동,1
8948,서울특별시 성북구 정릉3동,1
8949,서울특별시 성북구 삼선동,1
8950,서울특별시 성북구 돈암2동,1
8951,서울특별시 성북구 종암동,1
8952,서울특별시 성북구 동선동,1
8953,서울특별시 성북구 장위1동,1
8954,서울특별시 성북구 정릉3동,1
8956,서울특별시 성북구 삼선동,1
8957,서울특별시 성북구 돈암2동,1
8958,서울특별시 성북구 종암동,1
8959,서울특별시 성북구 동선동,1
8960,서울특별시 성북구 장위1동,1
8961,서울특별시 성북구 삼선동,1
8962,서울특별시 성북구 돈암2동,1
8964,서울특별시 성북구 종암동,1
8965,서울특별시 성북구 안암동,1
8966,서울특별시 성북구 장위1동,1
8967,서울특별시 성북구 종암동,2
8969,서울특별시 성북구 종암동,1
8970,서울특별시 성북구 안암동,1
8971,서울특별시 성북구 장위1동,1
8972,서울특별시 성북구 종암동,1
8973,서울특별시 성북구 안암동,1
8975,서울특별시 성북구 종암동,1
8976,서울특별시 성북구 안암동,1
8977,서울특별시 성북구 안암동,1
8978,서울특별시 강북구 송중동,2
8979,서울특별시 성북구 삼선동,2
8980,서울특별시 성북구 장위3동,3
8981,서울특별시 성북구 종암동,2
8982,서울특별시 성북구 종암동,2
8983,서울특별시 성북구 석관동,3
8984,서울특별시 성북구 돈암2동,1
8985,서울특별시 성북구 돈암2동,1
8986,서울특별시 성북구 돈암2동,1
8987,서울특별시 성북구 돈암2동,1
8988,서울특별시 성북구 돈암2동,1
8989,서울특별시 성북구 돈암2동,1
8990,서울특별시 성북구 돈암2동,1
8991,서울특별시 성북구 돈암2동,1
8992,서울특별시 성북구 돈암2동,1
8993,서울특별시 성북구 월곡1동,3
8994,서울특별시 성북구 월곡1동,3
8995,서울특별시 성북구 삼선동,1
8996,서울특별시 성북구 삼선동,1
8997,서울특별시 성북구 삼선동,2
8998,서울특별시 성북구 성북동,1
9001,서울특별시 강북구 수유3동,13
9002,서울특별시 강북구 번1동,12
9003,서울특별시 강북구 수유3동,17
9004,서울특별시 강북구 번1동,19
9005,서울특별시 강북구 수유1동,19
9006,서울특별시 강북구 미아동,19
9007,서울특별시 강북구 미아동,20
9008,서울특별시 강북구 송중동,20
9009,서울특별시 강북구 송천동,19
9010,서울특별시 강북구 송중동,19
9011,서울특별시 강북구 송천동,21
9012,서울특별시 강북구 송중동,23
9013,서울특별시 강북구 수유3동,18
9101,서울특별시 강북구 우이동,2
9102,서울특별시 강북구 우이동,9
9103,서울특별시 강북구 우이동,10
9104,서울특별시 강북구 우이동,11
9105,서울특별시 강북구 우이동,9
9106,서울특별시 강북구 우이동,10
9107,서울특별시 강북구 우이동,10
9108,서울특별시 강북구 우이동,8
9109,서울특별시 강북구 우이동,8
9110,서울특별시 강북구 우이동,5
9111,서울특별시 강북구 우이동,4
9112,서울특별시 강북구 우이동,2
9113,서울특별시 강북구 우이동,2
9114,서울특별시 강북구 인수동,2
9115,서울특별시 강북구 인수동,2
9116,서울특별시 강북구 인수동,2
9117,서울특별시 강북구 인수동,2
9118,서울특별시 강북구 인수동,2
9119,서울특별시 강북구 인수동,2
9120,서울특별시 강북구 우이동,6
9121,서울특별시 강북구 수유2동,6
9122,서울특별시 강북구 인수동,6
9123,서울특별시 강북구 수유2동,6
9124,서울특별시 강북구 수유2동,5
9125,서울특별시 강북구 수유2동,5
9126,서울특별시 강북구 수유2동,5
9127,서울특별시 강북구 수유2동,5
9128,서울특별시 강북구 수유2동,5
9129,서울특별시 강북구 수유2동,5
9130,서울특별시 강북구 인수동,2
9131,서울특별시 강북구 인수동,2
9132,서울특별시 강북구 인수동,2
9133,서울특별시 강북구 인수동,2
9134,서울특별시 강북구 인수동,6
9135,서울특별시 강북구 인수동,6
9136,서울특별시 강북구 인수동,1
9137,서울특별시 강북구 수유1동,3
9138,서울특별시 강북구 인수동,3
9139,서울특별시 강북구 수유1동,3
9140,서울특별시 강북구 인수동,3
9141,서울특별시 강북구 수유1동,3
9142,서울특별시 강북구 인수동,5
9143,서울특별시 강북구 수유1동,5
9144,서울특별시 강북구 인수동,5
9145,서울특별시 강북구 수유1동,5
9146,서울특별시 강북구 수유3동,7
9147,서울특별시 강북구 수유3동,6
9148,서울특별시 강북구 번1동,3
9149,서울특별시 강북구 번2동,1
9150,서울특별시 강북구 번1동,3
9151,서울특별시 강북구 번2동,3
9152,서울특별시 강북구 번1동,2
9153,서울특별시 강북구 번1동,3
9154,서울특별시 강북구 번2동,5
9155,서울특별시 강북구 번1동,3
9156,서울특별시 강북구 수유1동,6
9157,서울특별시 강북구 수유1동,6
9158,서울특별시 강북구 수유1동,6
9159,서울특별시 강북구 수유1동,6
9160,서울특별시 강북구 삼양동,6
9161,서울특별시 강북구 삼양동,6
9162,서울특별시 강북구 삼양동,6
9163,서울특별시 강북구 송천동,6
9164,서울특별시 강북구 삼양동,6
9165,서울특별시 강북구 송천동,6
9166,서울특별시 강북구 삼각산동,5
9167,서울특별시 강북구 송천동,4
9168,서울특별시 강북구 삼각산동,5
9169,서울특별시 강북구 송천동,4
9170,서울특별시 강북구 송천동,5
9171,서울특별시 강북구 송천동,4
9172,서울특별시 강북구 송천동,5
9173,서울특별시 강북구 송천동,4
9174,서울특별시 강북구 송천동,5
9175,서울특별시 강북구 송천동,4
9176,서울특별시 강북구 번2동,1
9177,서울특별시 강북구 번2동,2
9178,서울특별시 강북구 번2동,3
9179,서울특별시 강북구 번2동,3
9180,서울특별시 강북구 번2동,4
9181,서울특별시 강북구 번2동,4
9182,서울특별시 강북구 번3동,3
9183,서울특별시 강북구 번3동,3
9184,서울특별시 강북구 번3동,3
9185,서울특별시 강북구 번3동,3
9186,서울특별시 강북구 번3동,2
9187,서울특별시 강북구 번3동,1
9188,서울특별시 성북구 장위1동,1
9189,서울특별시 성북구 월곡1동,4
9190,서울특별시 강북구 송중동,7
9194,서울특별시 강북구 우이동,3
9195,서울특별시 강북구 우이동,3
9196,서울특별시 강북구 우이동,4
9197,서울특별시 강북구 우이동,3
9198,서울특별시 강북구 수유2동,2
9199,서울특별시 강북구 번1동,4
9200,서울특별시 강북구 수유3동,1
9201,서울특별시 강북구 수유2동,2
9203,서울특별시 강북구 수유3동,2
9205,서울특별시 강북구 수유3동,2
9206,서울특별시 강북구 번1동,3
9207,서울특별시 강북구 번1동,4
9208,서울특별시 강북구 번1동,2
9209,서울특별시 강북구 번1동,4
9210,서울특별시 강북구 번1동,2
9211,서울특별시 강북구 수유1동,4
9212,서울특별시 강북구 수유1동,3
9213,서울특별시 강북구 수유1동,4
9214,서울특별시 강북구 수유1동,3
9215,서울특별시 강북구 삼양동,4
9216,서울특별시 강북구 삼양동,5
9217,서울특별시 강북구 삼양동,3
9218,서울특별시 강북구 삼양동,4
9219,서울특별시 강북구 삼각산동,4
9220,서울특별시 강북구 삼양동,5
9221,서울특별시 강북구 삼각산동,4
9222,서울특별시 강북구 삼양동,4
9223,서울특별시 강북구 삼각산동,5
9224,서울특별시 강북구 삼양동,5
9225,서울특별시 강북구 삼각산동,3
9226,서울특별시 강북구 삼양동,3
9227,서울특별시 강북구 삼각산동,2
9228,서울특별시 강북구 번2동,1
9229,서울특별시 강북구 번3동,1
9230,서울특별시 강북구 번3동,1
9231,서울특별시 강북구 번3동,1
9232,서울특별시 강북구 번2동,1
9233,서울특별시 강북구 번3동,1
9234,서울특별시 강북구 번2동,1
9235,서울특별시 강북구 번3동,1
9236,서울특별시 강북구 번2동,1
9237,서울특별시 강북구 번3동,1
9238,서울특별시 강북구 번2동,1
9239,서울특별시 강북구 번2동,1
9240,서울특별시 강북구 송중동,1
9241,서울특별시 강북구 송중동,1
9242,서울특별시 강북구 송중동,1
9243,서울특별시 강북구 송중동,1
9244,서울특별시 강북구 송중동,2
9245,서울특별시 강북구 송중동,1
9246,서울특별시 강북구 수유3동,2
9247,서울특별시 강북구 번1동,3
9248,서울특별시 강북구 번1동,6
9249,서울특별시 강북구 수유3동,2
9253,서울특별시 강북구 미아동,1
9260,서울특별시 강북구 송천동,1
9261,서울특별시 강북구 송중동,2
9263,서울특별시 강북구 인수동,2
9266,서울특별시 강북구 미아동,1
9267,서울특별시 강북구 번1동,2
9269,서울특별시 강북구 송중동,1
9270,서울특별시 강북구 송중동,1
9271,서울특별시 강북구 번3동,1
9272,서울특별시 강북구 수유3동,3
9273,서울특별시 강북구 삼각산동,1
9274,서울특별시 강북구 삼각산동,1
9275,서울특별시 강북구 삼각산동,1
9276,서울특별시 강북구 삼각산동,1
9277,서울특별시 강북구 송중동,2
9278,서울특별시 강북구 우이동,1
9279,서울특별시 성북구 월곡1동,1
9283,서울특별시 강북구 삼양동,1
9286,서울특별시 강북구 우이동,4
9289,서울특별시 강북구 우이동,2
9290,서울특별시 강북구 번2동,5
9291,서울특별시 강북구 수유1동,2
9292,서울특별시 강북구 삼양동,2
9293,서울특별시 강북구 삼각산동,1
9294,서울특별시 강북구 우이동,2
9295,서울특별시 강북구 삼각산동,1
9296,서울특별시 강북구 우이동,1
9297,서울특별시 강북구 우이동,3
9298,서울특별시 강북구 삼각산동,1
9302,서울특별시 강북구 삼각산동,1
9303,서울특별시 강북구 삼각산동,1
9304,서울특별시 강북구 송중동,2
9305,서울특별시 강북구 수유1동,2
9306,서울특별시 강북구 송중동,1
9307,서울특별시 강북구 삼각산동,1
9308,서울특별시 강북구 삼각산동,1
9310,서울특별시 강북구 우이동,3
9311,서울특별시 강북구 우이동,3
9312,서울특별시 강북구 번3동,1
9313,서울특별시 강북구 수유3동,1
9314,서울특별시 강북구 수유3동,1
9500,서울특별시 강북구 우이동,2
9501,서울특별시 강북구 삼양동,2
9502,서울특별시 강북구 번2동,2
9503,서울특별시 강북구 미아동,1
9504,서울특별시 강북구 수유1동,1
9505,서울특별시 강북구 인수동,1
9506,서울특별시 강북구 인수동,1
9507,서울특별시 강북구 우이동,1
9508,서울특별시 강북구 송중동,4
9510,서울특별시 강북구 번2동,1
9511,서울특별시 강북구 번2동,1
9512,서울특별시 강북구 미아동,1
9513,서울특별시 강북구 수유1동,1
9514,서울특별시 강북구 인수동,1
9515,서울특별시 강북구 인수동,1
9516,서울특별시 강북구 송중동,2
9517,서울특별시 강북구 삼양동,2
9518,서울특별시 강북구 번2동,1
9519,서울특별시 강북구 번2동,1
9520,서울특별시 강북구 미아동,1
9521,서울특별시 강북구 수유1동,1
9522,서울특별시 강북구 인수동,1
9523,서울특별시 강북구 인수동,1
9524,서울특별시 강북구 송중동,2
9525,서울특별시 강북구 삼양동,2
9526,서울특별시 강북구 번2동,1
9527,서울특별시 강북구 번2동,1
9528,서울특별시 강북구 송중동,1
9529,서울특별시 강북구 수유1동,1
9530,서울특별시 강북구 인수동,1
9531,서울특별시 강북구 우이동,1
9532,서울특별시 강북구 삼양동,2
9533,서울특별시 강북구 번2동,1
9534,서울특별시 강북구 번2동,1
9535,서울특별시 강북구 송중동,2
9536,서울특별시 강북구 수유1동,1
9537,서울특별시 강북구 인수동,1
9538,서울특별시 강북구 우이동,1
9539,서울특별시 강북구 수유2동,3
9540,서울특별시 강북구 삼양동,2
9541,서울특별시 강북구 미아동,1
9542,서울특별시 강북구 번2동,1
9543,서울특별시 강북구 송중동,1
9544,서울특별시 강북구 수유1동,1
9545,서울특별시 강북구 인수동,1
9547,서울특별시 강북구 수유2동,3
9548,서울특별시 강북구 삼양동,2
9549,서울특별시 강북구 송중동,1
9550,서울특별시 강북구 송중동,1
9551,서울특별시 강북구 수유1동,1
9552,서울특별시 강북구 우이동,1
9553,서울특별시 강북구 수유3동,3
9554,서울특별시 강북구 삼양동,2
9555,서울특별시 강북구 송중동,1
9556,서울특별시 강북구 송중동,1
9557,서울특별시 강북구 수유1동,1
9558,서울특별시 강북구 인수동,1
9559,서울특별시 강북구 인수동,1
9560,서울특별시 강북구 수유3동,3
9561,서울특별시 강북구 송천동,2
9562,서울특별시 강북구 송중동,3
9563,서울특별시 강북구 송중동,1
9564,서울특별시 강북구 수유1동,1
9565,서울특별시 강북구 인수동,1
9566,서울특별시 강북구 인수동,1
9567,서울특별시 강북구 수유3동,3
9568,서울특별시 강북구 번3동,1
9569,서울특별시 강북구 송천동,2
9570,서울특별시 강북구 송중동,3
9571,서울특별시 강북구 송중동,1
9572,서울특별시 강북구 수유1동,1
9573,서울특별시 강북구 수유1동,1
9574,서울특별시 강북구 인수동,1
9575,서울특별시 강북구 수유3동,3
9576,서울특별시 강북구 번3동,1
9577,서울특별시 강북구 미아동,2
9578,서울특별시 강북구 번3동,1
9579,서울특별시 강북구 송중동,3
9580,서울특별시 강북구 송중동,1
9581,서울특별시 강북구 수유1동,2
9582,서울특별시 강북구 수유1동,1
9583,서울특별시 강북구 인수동,1
9584,서울특별시 강북구 수유3동,3
9585,서울특별시 강북구 번3동,2
9586,서울특별시 강북구 미아동,2
9587,서울특별시 강북구 송중동,2
9588,서울특별시 강북구 송중동,1
9589,서울특별시 강북구 번1동,2
9590,서울특별시 강북구 수유1동,1
9591,서울특별시 강북구 인수동,1
9592,서울특별시 강북구 송중동,1
9593,서울특별시 강북구 번3동,2
9594,서울특별시 강북구 미아동,2
9595,서울특별시 강북구 번1동,2
9596,서울특별시 강북구 수유1동,1
9597,서울특별시 강북구 인수동,1
9598,서울특별시 강북구 송중동,1
9599,서울특별시 강북구 수유3동,3
9600,서울특별시 강북구 번3동,2
9621,서울특별시 강북구 우이동,2
9631,서울특별시 강북구 미아동,2
9642,서울특별시 강북구 송중동,1
9656,서울특별시 강북구 번1동,2
9682,서울특별시 강북구 수유3동,1
9717,서울특별시 강북구 번3동,2
9718,서울특별시 강북구 미아동,2
9727,서울특별시 강북구 우이동,3
9728,서울특별시 강북구 우이동,3
9739,서울특별시 강북구 송중동,2
9753,서울특별시 강북구 송중동,1
9754,서울특별시 강북구 수유3동,1
9760,서울특별시 강북구 번3동,2
9767,서울특별시 강북구 번3동,1
9768,서울특별시 강북구 수유1동,2
9769,서울특별시 강북구 삼양동,2
9770,서울특별시 강북구 송중동,1
9771,서울특별시 강북구 송중동,2
9772,서울특별시 강북구 인수동,2
9773,서울특별시 강북구 수유3동,1
9774,서울특별시 강북구 번2동,3
9775,서울특별시 강북구 삼양동,2
9776,서울특별시 강북구 송중동,1
9777,서울특별시 강북구 수유1동,1
9778,서울특별시 강북구 수유3동,1
9779,서울특별시 강북구 번2동,2
9780,서울특별시 강북구 삼양동,2
9781,서울특별시 강북구 송중동,1
9782,서울특별시 강북구 송중동,1
9783,서울특별시 강북구 수유1동,1
9784,서울특별시 강북구 번1동,3
9785,서울특별시 강북구 번2동,2
9786,서울특별시 강북구 삼양동,2
9787,서울특별시 강북구 송중동,1
9788,서울특별시 강북구 송중동,1
9789,서울특별시 강북구 수유1동,1
9790,서울특별시 강북구 번1동,1
9791,서울특별시 강북구 번2동,2
9792,서울특별시 강북구 삼양동,2
9793,서울특별시 강북구 송중동,1
9794,서울특별시 강북구 송중동,1
9795,서울특별시 강북구 수유1동,1
9796,서울특별시 강북구 인수동,1
9797,서울특별시 강북구 수유3동,1
9798,서울특별시 강북구 번2동,2
9799,서울특별시 강북구 삼양동,2
9800,서울특별시 강북구 송중동,1
9801,서울특별시 강북구 송중동,1
9802,서울특별시 강북구 수유1동,1
9803,서울특별시 강북구 인수동,1
9804,서울특별시 강북구 수유3동,1
9805,서울특별시 강북구 번2동,2
9806,서울특별시 강북구 삼양동,2
9807,서울특별시 강북구 송중동,1
9808,서울특별시 강북구 송중동,1
9809,서울특별시 강북구 수유1동,1
9810,서울특별시 강북구 인수동,1
9811,서울특별시 강북구 수유2동,1
9812,서울특별시 강북구 번2동,2
9813,서울특별시 강북구 수유1동,1
9814,서울특별시 강북구 인수동,1
9815,서울특별시 강북구 수유2동,1
9816,서울특별시 강북구 번1동,2
9817,서울특별시 강북구 삼양동,2
9818,서울특별시 강북구 송중동,1
9819,서울특별시 강북구 송중동,1
9820,서울특별시 강북구 수유1동,1
9821,서울특별시 강북구 인수동,1
9822,서울특별시 강북구 인수동,1
9823,서울특별시 강북구 번1동,2
9824,서울특별시 강북구 삼양동,2
9825,서울특별시 강북구 송중동,1
9826,서울특별시 강북구 송중동,2
9827,서울특별시 강북구 수유1동,1
9828,서울특별시 강북구 인수동,1
9829,서울특별시 강북구 인수동,1
9830,서울특별시 강북구 수유1동,2
9831,서울특별시 강북구 인수동,1
9832,서울특별시 강북구 인수동,1
9833,서울특별시 강북구 우이동,2
9834,서울특별시 강북구 번1동,2
9835,서울특별시 강북구 삼양동,2
9836,서울특별시 강북구 미아동,1
9837,서울특별시 강북구 인수동,1
9838,서울특별시 강북구 인수동,1
9839,서울특별시 강북구 번2동,2
9840,서울특별시 강북구 삼양동,2
9841,서울특별시 강북구 번2동,1
9842,서울특별시 강북구 송중동,1
9843,서울특별시 강북구 미아동,1
9844,서울특별시 강북구 인수동,1
9845,서울특별시 강북구 인수동,1
9847,서울특별시 강북구 삼양동,2
9848,서울특별시 강북구 번2동,1
9849,서울특별시 강북구 송중동,1
9851,서울특별시 강북구 인수동,1
9852,서울특별시 강북구 인수동,1
9853,서울특별시 강북구 삼양동,1
9854,서울특별시 강북구 번2동,1
9855,서울특별시 강북구 번3동,1
9856,서울특별시 강북구 인수동,1
9857,서울특별시 강북구 우이동,1
9859,서울특별시 강북구 번2동,1
9860,서울특별시 강북구 번3동,1
9861,서울특별시 강북구 인수동,1
9862,서울특별시 강북구 우이동,1
9863,서울특별시 강북구 번2동,2
9864,서울특별시 강북구 삼각산동,1
9865,서울특별시 강북구 번3동,1
9866,서울특별시 강북구 번3동,1
9867,서울특별시 강북구 우이동,1
9868,서울특별시 강북구 번2동,2
9870,서울특별시 강북구 번3동,1
9871,서울특별시 강북구 우이동,1
9872,서울특별시 강북구 번2동,2
9873,서울특별시 강북구 번2동,1
9874,서울특별시 강북구 번3동,1
9875,서울특별시 강북구 우이동,1
9876,서울특별시 강북구 번2동,2
9877,서울특별시 강북구 우이동,1
9878,서울특별시 강북구 번2동,2
9879,서울특별시 강북구 번2동,1
9880,서울특별시 강북구 인수동,1
9881,서울특별시 강북구 번2동,1
9882,서울특별시 강북구 번3동,2
9883,서울특별시 강북구 번3동,2
9884,서울특별시 강북구 번3동,2
9885,서울특별시 강북구 번3동,2
9886,서울특별시 강북구 번3동,1
9887,서울특별시 강북구 번3동,1
9888,서울특별시 강북구 번3동,1
9889,서울특별시 강북구 번3동,2
9890,서울특별시 강북구 번3동,1
9891,서울특별시 강북구 번3동,2
9892,서울특별시 강북구 송중동,2
9893,서울특별시 강북구 송중동,2
9894,서울특별시 강북구 송중동,4
9895,서울특별시 강북구 수유2동,3
9896,서울특별시 강북구 번1동,2
9897,서울특별시 강북구 번2동,2
9898,서울특별시 강북구 번2동,2
9899,서울특별시 강북구 번3동,3
9901,서울특별시 강북구 번3동,2
9903,서울특별시 강북구 번1동,1
9905,서울특별시 강북구 미아동,1
9906,서울특별시 강북구 삼각산동,1
9907,서울특별시 강북구 삼각산동,1
9908,서울특별시 강북구 삼각산동,1
9909,서울특별시 강북구 송천동,1
9910,서울특별시 강북구 송천동,2
9911,서울특별시 강북구 송천동,2
9912,서울특별시 강북구 송천동,2
9913,서울특별시 강북구 송천동,2
9916,서울특별시 강북구 송천동,2
9917,서울특별시 강북구 송천동,2
9918,서울특별시 강북구 송천동,2
9919,서울특별시 강북구 삼각산동,1
9920,서울특별시 강북구 삼각산동,1
9921,서울특별시 강북구 삼각산동,1
9929,서울특별시 강북구 삼각산동,1
9930,서울특별시 강북구 삼각산동,1
9931,서울특별시 강북구 삼각산동,1
9932,서울특별시 강북구 삼각산동,1
9933,서울특별시 강북구 삼각산동,1
9934,서울특별시 강북구 송중동,1
9935,서울특별시 강북구 삼각산동,1
9936,서울특별시 강북구 송중동,1
9937,서울특별시 강북구 미아동,1
9938,서울특별시 강북구 미아동,1
9939,서울특별시 강북구 미아동,1
9940,서울특별시 강북구 미아동,1
9941,서울특별시 강북구 미아동,1
9942,서울특별시 강북구 미아동,1
9943,서울특별시 강북구 미아동,1
9944,서울특별시 강북구 미아동,1
9945,서울특별시 강북구 미아동,1
9946,서울특별시 강북구 미아동,1
9947,서울특별시 강북구 송중동,1
9948,서울특별시 강북구 송중동,1
9949,서울특별시 강북구 송중동,1
9950,서울특별시 강북구 미아동,1
10001,서울특별시 도봉구 도봉1동,7
10002,서울특별시 도봉구 도봉2동,7
10003,서울특별시 도봉구 도봉1동,9
10004,서울특별시 도봉구 도봉2동,9
10005,서울특별시 도봉구 도봉1동,9
10006,서울특별시 도봉구 도봉2동,9
10007,서울특별시 도봉구 도봉1동,9
10008,서울특별시 도봉구 도봉2동,9
10009,서울특별시 도봉구 방학1동,8
10010,서울특별시 도봉구 방학1동,8
10011,서울특별시 도봉구 쌍문2동,11
10012,서울특별시 도봉구 창5동,11
10013,서울특별시 도봉구 쌍문2동,12
10014,서울특별시 도봉구 창5동,11
10015,서울특별시 도봉구 쌍문3동,13
10016,서울특별시 도봉구 창1동,12
10017,서울특별시 도봉구 쌍문3동,12
10018,서울특별시 도봉구 창2동,11
10019,서울특별시 도봉구 도봉1동,9
10020,서울특별시 도봉구 방학1동,9
10103,서울특별시 도봉구 도봉1동,2
10104,서울특별시 도봉구 도봉2동,2
10105,서울특별시 도봉구 창4동,1
10107,서울특별시 도봉구 도봉2동,2
10108,서울특별시 도봉구 도봉1동,2
10109,서울특별시 도봉구 도봉2동,2
10110,서울특별시 도봉구 도봉1동,2
10111,서울특별시 도봉구 방학1동,1
10113,서울특별시 도봉구 방학1동,1
10114,서울특별시 도봉구 방학1동,1
10115,서울특별시 도봉구 창5동,2
10116,서울특별시 도봉구 방학1동,2
10117,서울특별시 도봉구 창5동,1
10118,서울특별시 도봉구 쌍문2동,1
10119,서울특별시 도봉구 창5동,2
10120,서울특별시 도봉구 쌍문2동,1
10121,서울특별시 도봉구 창5동,2
10122,서울특별시 도봉구 쌍문2동,1
10124,서울특별시 도봉구 쌍문3동,5
10126,서울특별시 도봉구 창1동,3
10127,서울특별시 도봉구 창2동,5
10129,서울특별시 도봉구 도봉2동,2
10130,서울특별시 도봉구 도봉2동,2
10131,서울특별시 도봉구 도봉2동,2
10132,서울특별시 도봉구 도봉2동,2
10133,서울특별시 도봉구 방학1동,2
10134,서울특별시 도봉구 도봉2동,2
10135,서울특별시 도봉구 방학1동,2
10136,서울특별시 도봉구 방학1동,2
10137,서울특별시 도봉구 창4동,4
10138,서울특별시 도봉구 창4동,2
10139,서울특별시 도봉구 창4동,4
10140,서울특별시 도봉구 창4동,2
10141,서울특별시 도봉구 창4동,4
10142,서울특별시 도봉구 창4동,2
10143,서울특별시 도봉구 창4동,2
10144,서울특별시 도봉구 창4동,5
10145,서울특별시 도봉구 창4동,3
10146,서울특별시 도봉구 창4동,4
10147,서울특별시 도봉구 창4동,3
10148,서울특별시 도봉구 창4동,3
10149,서울특별시 도봉구 창4동,3
10150,서울특별시 도봉구 창4동,3
10151,서울특별시 도봉구 창4동,3
10152,서울특별시 도봉구 창4동,3
10153,서울특별시 도봉구 도봉1동,4
10154,서울특별시 도봉구 도봉1동,4
10155,서울특별시 도봉구 도봉1동,4
10156,서울특별시 도봉구 도봉2동,2
10157,서울특별시 도봉구 도봉2동,2
10158,서울특별시 도봉구 도봉2동,2
10159,서울특별시 도봉구 도봉2동,2
10160,서울특별시 도봉구 도봉2동,2
10161,서울특별시 도봉구 도봉1동,1
10162,서울특별시 도봉구 도봉1동,2
10163,서울특별시 도봉구 방학2동,1
10164,서울특별시 도봉구 방학2동,2
10165,서울특별시 도봉구 방학2동,1
10166,서울특별시 도봉구 방학2동,2
10167,서울특별시 도봉구 방학2동,1
10168,서울특별시 도봉구 방학2동,2
10172,서울특별시 도봉구 방학3동,1
10173,서울특별시 도봉구 방학1동,2
10174,서울특별시 도봉구 방학2동,1
10175,서울특별시 도봉구 방학1동,2
10176,서울특별시 도봉구 방학3동,1
10177,서울특별시 도봉구 쌍문2동,2
10178,서울특별시 도봉구 쌍문2동,1
10179,서울특별시 도봉구 방학2동,1
10180,서울특별시 도봉구 방학2동,2
10181,서울특별시 도봉구 방학2동,2
10182,서울특별시 도봉구 방학1동,1
10183,서울특별시 도봉구 방학1동,1
10184,서울특별시 도봉구 방학3동,4
10185,서울특별시 도봉구 방학3동,4
10186,서울특별시 도봉구 방학3동,6
10187,서울특별시 도봉구 방학3동,4
10188,서울특별시 도봉구 방학3동,3
10189,서울특별시 도봉구 방학3동,6
10190,서울특별시 도봉구 방학2동,6
10191,서울특별시 도봉구 방학3동,6
10192,서울특별시 도봉구 방학2동,6
10193,서울특별시 도봉구 방학1동,5
10194,서울특별시 도봉구 방학1동,5
10195,서울특별시 도봉구 방학1동,5
10196,서울특별시 도봉구 방학1동,5
10197,서울특별시 도봉구 방학1동,2
10198,서울특별시 도봉구 방학1동,2
10199,서울특별시 도봉구 방학1동,2
10200,서울특별시 도봉구 쌍문1동,3
10201,서울특별시 도봉구 쌍문1동,2
10202,서울특별시 도봉구 방학3동,2
10203,서울특별시 도봉구 방학3동,2
10204,서울특별시 도봉구 방학3동,3
10205,서울특별시 도봉구 방학3동,3
10206,서울특별시 도봉구 방학3동,2
10207,서울특별시 도봉구 방학3동,3
10208,서울특별시 도봉구 방학3동,1
10209,서울특별시 도봉구 방학3동,3
10210,서울특별시 도봉구 쌍문4동,3
10211,서울특별시 도봉구 쌍문4동,3
10212,서울특별시 도봉구 쌍문4동,3
10213,서울특별시 도봉구 쌍문4동,5
10214,서울특별시 도봉구 쌍문2동,4
10215,서울특별시 도봉구 쌍문2동,3
10216,서울특별시 도봉구 쌍문2동,3
10217,서울특별시 도봉구 쌍문2동,4
10218,서울특별시 도봉구 쌍문1동,10
10219,서울특별시 도봉구 쌍문1동,10
10221,서울특별시 도봉구 쌍문1동,10
10222,서울특별시 도봉구 쌍문3동,2
10223,서울특별시 도봉구 쌍문1동,2
10224,서울특별시 도봉구 쌍문3동,3
10225,서울특별시 도봉구 쌍문1동,3
10226,서울특별시 도봉구 쌍문4동,2
10227,서울특별시 도봉구 쌍문1동,3
10228,서울특별시 도봉구 창5동,3
10229,서울특별시 도봉구 창5동,2
10231,서울특별시 도봉구 창1동,4
10232,서울특별시 도봉구 창5동,4
10233,서울특별시 도봉구 창5동,1
10234,서울특별시 도봉구 창5동,3
10235,서울특별시 도봉구 창4동,1
10236,서울특별시 도봉구 창4동,2
10239,서울특별시 도봉구 창1동,1
10240,서울특별시 도봉구 창1동,1
10241,서울특별시 도봉구 창1동,2
10242,서울특별시 도봉구 창1동,2
10243,서울특별시 도봉구 창1동,1
10244,서울특별시 도봉구 창1동,2
10245,서울특별시 도봉구 창1동,3
10246,서울특별시 도봉구 창3동,3
10247,서울특별시 도봉구 창2동,3
10248,서울특별시 도봉구 창3동,6
10249,서울특별시 도봉구 창2동,4
10250,서울특별시 도봉구 창3동,6
10251,서울특별시 도봉구 창2동,5
10252,서울특별시 도봉구 창2동,4
10253,서울특별시 도봉구 창2동,4
10256,서울특별시 도봉구 창2동,1
10257,서울특별시 도봉구 창1동,1
10258,서울특별시 도봉구 창2동,1
10259,서울특별시 도봉구 창1동,1
10260,서울특별시 도봉구 창2동,1
10261,서울특별시 도봉구 창2동,1
10262,서울특별시 도봉구 창2동,3
10263,서울특별시 도봉구 창2동,1
10264,서울특별시 도봉구 창2동,2
10265,서울특별시 도봉구 창4동,5
10266,서울특별시 도봉구 창4동,4
10269,서울특별시 도봉구 창1동,1
10270,서울특별시 도봉구 창1동,1
10271,서울특별시 도봉구 창1동,1
10272,서울특별시 도봉구 창1동,1
10273,서울특별시 도봉구 창1동,1
10276,서울특별시 도봉구 쌍문4동,3
10277,서울특별시 도봉구 쌍문4동,3
10278,서울특별시 도봉구 창4동,3
10279,서울특별시 도봉구 창4동,3
10280,서울특별시 도봉구 창3동,2
10281,서울특별시 도봉구 창3동,2
10282,서울특별시 도봉구 창3동,2
10283,서울특별시 도봉구 창3동,2
10284,서울특별시 도봉구 창3동,2
10285,서울특별시 도봉구 창3동,2
10286,서울특별시 도봉구 창3동,2
10287,서울특별시 도봉구 창3동,2
10292,서울특별시 도봉구 창4동,1
10293,서울특별시 도봉구 창4동,1
10294,서울특별시 도봉구 방학1동,1
10295,서울특별시 도봉구 방학1동,1
10296,서울특별시 도봉구 방학1동,1
10297,서울특별시 도봉구 창5동,2
10298,서울특별시 도봉구 창5동,3
10299,서울특별시 도봉구 창4동,1
10302,서울특별시 도봉구 방학3동,2
10303,서울특별시 도봉구 도봉2동,2
10304,서울특별시 도봉구 방학1동,3
10305,서울특별시 도봉구 창1동,2
10306,서울특별시 도봉구 쌍문3동,1
10307,서울특별시 도봉구 쌍문3동,1
10308,서울특별시 강북구 우이동,1
10309,서울특별시 도봉구 방학2동,2
10310,서울특별시 도봉구 방학2동,2
10311,서울특별시 도봉구 창2동,5
10312,서울특별시 도봉구 창3동,1
10313,서울특별시 도봉구 창2동,2
10314,서울특별시 도봉구 창2동,4
10315,서울특별시 도봉구 창2동,3
10317,서울특별시 도봉구 도봉1동,4
10320,서울특별시 도봉구 방학2동,1
10321,서울특별시 도봉구 방학2동,1
10322,서울특별시 도봉구 창1동,1
10323,서울특별시 도봉구 창1동,1
10324,서울특별시 도봉구 창5동,1
10325,서울특별시 도봉구 쌍문1동,10
10326,서울특별시 도봉구 창5동,1
10327,서울특별시 도봉구 창5동,1
10328,서울특별시 도봉구 창4동,1
10329,서울특별시 도봉구 창4동,1
10330,서울특별시 도봉구 창3동,6
10331,서울특별시 도봉구 창2동,4
10333,서울특별시 도봉구 방학2동,1
10334,서울특별시 도봉구 방학2동,1
10335,서울특별시 도봉구 창4동,2
10336,서울특별시 도봉구 창2동,4
10337,서울특별시 도봉구 방학2동,1
10340,서울특별시 도봉구 도봉1동,4
10341,서울특별시 도봉구 도봉1동,4
10500,서울특별시 도봉구 창4동,2
10502,서울특별시 도봉구 방학3동,1
10503,서울특별시 도봉구 쌍문3동,2
10504,서울특별시 도봉구 쌍문1동,1
10505,서울특별시 도봉구 쌍문1동,1
10506,서울특별시 도봉구 쌍문1동,1
10507,서울특별시 도봉구 창4동,2
10508,서울특별시 도봉구 방학3동,1
10509,서울특별시 도봉구 쌍문3동,2
10510,서울특별시 도봉구 쌍문1동,1
10511,서울특별시 도봉구 쌍문1동,1
10512,서울특별시 도봉구 쌍문1동,2
10514,서울특별시 도봉구 방학3동,1
10515,서울특별시 도봉구 쌍문1동,1
10516,서울특별시 도봉구 쌍문1동,1
10517,서울특별시 도봉구 쌍문1동,2
10519,서울특별시 도봉구 방학3동,1
10520,서울특별시 도봉구 창1동,3
10521,서울특별시 도봉구 쌍문1동,1
10522,서울특별시 도봉구 쌍문1동,1
10524,서울특별시 도봉구 쌍문4동,1
10525,서울특별시 도봉구 창5동,2
10526,서울특별시 도봉구 쌍문1동,2
10527,서울특별시 도봉구 쌍문1동,3
10528,서울특별시 도봉구 쌍문1동,2
10529,서울특별시 도봉구 창4동,2
10530,서울특별시 도봉구 쌍문1동,1
10531,서울특별시 도봉구 쌍문2동,2
10532,서울특별시 도봉구 쌍문1동,3
10533,서울특별시 도봉구 쌍문1동,2
10534,서울특별시 도봉구 방학1동,2
10535,서울특별시 도봉구 쌍문3동,2
10536,서울특별시 도봉구 쌍문2동,2
10537,서울특별시 도봉구 쌍문1동,1
10538,서울특별시 도봉구 방학1동,2
10539,서울특별시 도봉구 쌍문2동,2
10540,서울특별시 도봉구 방학1동,2
10541,서울특별시 도봉구 쌍문3동,2
10542,서울특별시 도봉구 쌍문4동,2
10543,서울특별시 도봉구 방학1동,2
10546,서울특별시 도봉구 쌍문3동,2
10548,서울특별시 도봉구 도봉2동,1
10549,서울특별시 도봉구 도봉2동,1
10550,서울특별시 도봉구 창2동,1
10551,서울특별시 도봉구 쌍문4동,2
10553,서울특별시 도봉구 창4동,1
10554,서울특별시 도봉구 도봉2동,1
10555,서울특별시 도봉구 도봉1동,1
10556,서울특별시 도봉구 창2동,1
10557,서울특별시 도봉구 쌍문4동,2
10559,서울특별시 도봉구 창4동,2
10560,서울특별시 도봉구 도봉2동,1
10561,서울특별시 도봉구 도봉1동,1
10562,서울특별시 도봉구 창2동,1
10563,서울특별시 도봉구 방학3동,1
10564,서울특별시 도봉구 방학3동,1
10565,서울특별시 도봉구 쌍문3동,1
10567,서울특별시 도봉구 도봉2동,1
10568,서울특별시 도봉구 도봉1동,1
10569,서울특별시 도봉구 창2동,1
10570,서울특별시 도봉구 방학3동,1
10572,서울특별시 도봉구 도봉2동,1
10573,서울특별시 도봉구 도봉1동,1
10575,서울특별시 도봉구 방학3동,1
10577,서울특별시 도봉구 도봉2동,1
10578,서울특별시 도봉구 도봉1동,1
10579,서울특별시 도봉구 창2동,1
10580,서울특별시 도봉구 방학3동,1
10581,서울특별시 도봉구 방학3동,1
10582,서울특별시 도봉구 쌍문1동,1
10583,서울특별시 도봉구 쌍문1동,3
10584,서울특별시 도봉구 창1동,1
10585,서울특별시 도봉구 도봉2동,1
10586,서울특별시 도봉구 도봉1동,1
10587,서울특별시 도봉구 창2동,1
